id,name,original_name,compartment,background
mwf626e95e_543f_41e4_aad4_c6bf60ab345b,IL6,IL6,mw53ffe9e6_beef_45c4_90a5_a79197ed506e,"Interleukin-6 (IL-6) is a cytokine that plays a significant role in the immune system and has been implicated in various inflammatory diseases, including Crohn’s disease. In the context of Crohn's disease, IL-6 is identified as an important factor contributing to enhanced T-cell survival and resistance to apoptosis in the lamina propria, which is a part of the intestinal mucosa. This activity is associated with increased chemokine secretion, which can exacerbate the inflammatory response.

IL-6 signaling can occur via two pathways: the classical signaling pathway and the trans-signaling pathway. The classical pathway is mediated by the membrane-bound IL-6 receptor (IL-6Rα), while the trans-signaling pathway involves a soluble form of the IL-6 receptor (sIL-6Rα). Both pathways involve the recruitment of a membrane-bound gp130 coreceptor, forming a complex that ultimately leads to the activation of Janus kinase (Jak) proteins and signal transducer and activator of transcription 3 (STAT3) phosphorylation. The trans-signaling pathway is particularly relevant in disease states because it allows IL-6 to exert effects even in cells that do not express the membrane-bound IL-6Rα.

In therapeutic contexts, antibodies targeting IL-6 or IL-6Rα can modulate IL-6 signaling. For instance, the anti-IL-6Rα antibody tocilizumab is used in the treatment of diseases like rheumatoid arthritis. In modeling studies, differences in the pharmacokinetics and interactions of anti-IL-6 and anti-IL-6Rα antibodies have been observed, with studies showing that certain antibodies can effectively suppress IL-6 signaling and alter the dose-response curves of these interactions.

Overall, IL-6 is an important molecule in the biological system being modeled, particularly in the context of immune regulation and inflammatory diseases. Its signaling pathways and interactions with other molecules are critical to understanding the disease mechanisms and developing therapeutic interventions."
mwbbbce920_e8dd_4320_9386_fc94bfb2fc99,sgp130,sgp130,mw53ffe9e6_beef_45c4_90a5_a79197ed506e,"Based on the provided context from the document, the species 'sgp130' is described as a molecule involved in the inhibition of IL-6 trans-signaling. This characterization stems from its fusion form, sgp130Fc, which combines the extracellular portion of gp130 with the Fc region of human IgG1. This fusion protein is utilized to explore therapeutic applications, such as for conditions like Crohn’s disease. Here are the key points regarding sgp130:

1. **Biological Function**: sgp130 functions primarily as an inhibitor of IL-6 trans-signaling. This signaling pathway is significant because it mediates inflammation and is implicated in various inflammatory diseases. The role of sgp130 in natural physiology appears to involve the regulation or modulation of IL-6 signaling pathways by binding to the IL-6/sIL-6Rα complex.

2. **Role in Pathways**: sgp130 is involved in the IL-6 signaling pathway. It functions to compete with, and hence regulate, IL-6 and its receptor (sIL-6Rα). This regulation is important because excessive IL-6 signaling is associated with inflammatory conditions.

3. **Interactions with Other Molecules**: sgp130 interacts specifically with the IL-6/sIL-6Rα complex, indicating a competition for binding that can attenuate downstream signaling effects typically mediated by this complex. This interaction is a critical component of its inhibitory action.

4. **Importance in the Biological System Being Modeled**: While sgp130 is present at high concentrations compared to free IL-6, the sensitivity analyses from the models suggest that small changes in sgp130 levels have minimal effects on the system dynamics due to its high baseline level. Its impact seems to be less pronounced under typical physiological conditions; however, it can be significant under therapeutic conditions when used in high doses as sgp130Fc.

Overall, sgp130 plays a regulatory role in the IL-6 pathway, and its therapeutic potential lies in its ability to inhibit IL-6 trans-signaling, albeit requiring high and frequent dosing for effectiveness in models such as Crohn's disease."
