id,name,background
mwf626e95e_543f_41e4_aad4_c6bf60ab345b,IL6,"Based on the provided context, IL6 (interleukin-6) is a cytokine that plays a vital role in immune regulation, particularly in the context of inflammatory diseases like Crohn's disease. Here is a summary of its background information:

1. **Biological Function:**
   - IL6 is a critical mediator in the immune system, known for its involvement in inflammation and immune responses.
   - It contributes to the survival of T-cells and resistance to apoptosis, especially in the lamina propria, a tissue region in the gut affected in Crohn’s disease.

2. **Role in Pathways:**
   - IL6 signaling occurs through two main pathways:
     - The classical pathway involves a membrane-bound IL-6 receptor (IL-6Rα).
     - The trans-signaling pathway involves a soluble IL-6 receptor (sIL-6Rα).
   - These pathways lead to the formation of a complex that activates the phosphorylation of gp130-bound Janus kinase (Jak) family proteins, followed by the phosphorylation of STAT3 (signal transducer and activator of transcription 3).

3. **Interactions with Other Molecules:**
   - IL6 forms a dimer/complex with IL-6Rα or sIL-6Rα, which then associates with a gp130 coreceptor to form a hexameric receptor complex.
   - This complex initiates downstream signaling critical for immune responses.
   - There are interactions with therapeutic antibodies, such as those targeting IL-6 or IL-6Rα, which can modulate its activity, an approach used in diseases like rheumatoid arthritis.

4. **Importance in the Biological System:**
   - In diseases like Crohn’s disease, IL6-mediated signaling is significant due to its role in promoting inflammatory responses and affecting chemokine secretion, leading to prolonged inflammation.
   - Targeting IL6 pathways is a therapeutic strategy used to control excessive inflammation and treat autoimmune diseases.

In conclusion, IL6 is a highly influential cytokine in immune regulation, particularly in inflammatory and autoimmune conditions, where it plays roles in cell survival, signaling pathways, and interactions with therapeutic agents."
mwbbbce920_e8dd_4320_9386_fc94bfb2fc99,sgp130,"Based on the provided context, the species 'sgp130' appears to be a component involved in the signaling pathways mediated by interleukin-6 (IL-6), specifically in the context of IL-6 trans-signaling. Here is a summary of relevant information about sgp130 based on the provided documents:

1. **Biological Function:**
   - sgp130 is a soluble form of gp130, which is involved in signal transduction for IL-6 and other cytokines.
   - It is involved in inhibiting IL-6 trans-signaling by binding to the IL-6/sIL-6Rα complex. This indicates that sgp130 can modulate inflammatory responses mediated by IL-6.

2. **Role in Pathways:**
   - sgp130 specifically inhibits IL-6 trans-signaling, which typically occurs when the IL-6/sIL-6Rα complex interacts with membrane-bound gp130 on target cells. By binding with the complex, sgp130 prevents this interaction, potentially reducing pathological signaling associated with diseases such as Crohn’s disease.

3. **Interactions with Other Molecules:**
   - sgp130 interacts with the complex formed by IL-6 and its soluble receptor, sIL-6Rα. This interaction is a key mechanism by which sgp130 exerts its inhibitory effects on IL-6 mediated signaling.

4. **Importance in the Biological System:**
   - The context indicates that sgp130 is present in high baseline concentrations compared to IL-6, suggesting its physiological role as a moderator of IL-6 activity.
   - The high baseline level of sgp130 and its excess relative to IL-6 suggest that it can effectively suppress IL-6 trans-signaling under normal conditions.
   - The model described suggests that despite its high concentration, sgp130 has a minimal effect on system dynamics unless present in very high doses. This may reflect the physiological buffering role it plays to protect against excessive IL-6 activity.
   - However, sgp130-based therapies may not be as effective as treatments targeting IL-6 or sIL-6Rα directly, due to its relatively lower influence on the system dynamics in terms of biomarker changes.

In summary, sgp130 is important as a regulatory molecule in cytokine signaling pathways, particularly those involving IL-6, with potential therapeutic implications in modulating inflammatory and immune responses."
mw810ff751_fa4e_4143_bd50_169b3e325e1e,sR_IL6_sgp130,"Based on the provided context, 'sR_IL6_sgp130' is likely a component that is involved in the IL-6 signaling pathway, which is known to play a crucial role in inflammatory responses and immune regulation. The context refers to sgp130, which is described as a fusion protein that combines the extracellular portion of gp130 with the Fc region of human IgG1. This fusion protein, named sgp130Fc, is used to inhibit IL-6 trans-signaling.

### Biological Function:
sR_IL6_sgp130 is not directly mentioned in the text, but based on similar components, it likely functions to modulate the IL-6 signaling pathway. In particular, sR_IL6_sgp130 might interact with the IL-6/sIL-6R complex, playing a role in inhibiting the trans-signaling process.

### Role in Pathways:
The IL-6 signaling pathway is addressed in the context of both Classical and Trans signaling. While classical signaling involves IL-6 binding to membrane-bound IL-6 receptor (IL-6R) and gp130, trans-signaling involves IL-6 binding to soluble IL-6R (sIL-6R), allowing it to interact with gp130 on cells that do not express IL-6R. sR_IL6_sgp130 would participate in the inhibition of trans-signaling by binding to the IL-6/sIL-6R complex.

### Interactions with Other Molecules:
In the context of the modeling study, sgp130Fc is assumed to bind the IL-6/sIL-6R complex with similar affinity to natural sgp130. This suggests that sR_IL6_sgp130 might also interact with IL-6, sIL-6R, and potentially compete or interfere with their binding to gp130, effectively inhibiting signaling pathways downstream.

### Importance in the Biological System:
The presence of sgp130 in excess compared to free IL-6 indicates its potential role as a regulatory buffer in the signaling pathway. The study suggests that the system's sensitivity to changes in sgp130 levels is low unless there are significant deviations from baseline levels. This implies that while sgp130 (and by extrapolation, sR_IL6_sgp130) is important, its effects on the system dynamics are subtle unless present in large amounts, reaffirming its regulatory role.

In summary, sR_IL6_sgp130 is inferred to be a critical modulator in the IL-6 signaling pathway, particularly involved in regulating the trans-signaling pathway by interacting with the IL-6/sIL-6R complex and potentially influencing inflammatory and immune responses."
mw114aa90f_5f5b_4fe8_9406_361c8489b6a1,CRP,"Based on the provided context, CRP, or C-reactive protein, is a biomarker commonly used to assess inflammation in the body. Here is a summary of relevant background information regarding CRP:

1. **Biological Function**: CRP is a protein found in the blood, produced by the liver, and its levels increase in response to inflammation. It is part of the body's acute phase response to inflammation, infection, or injury.

2. **Role in Pathways**: CRP is a key inflammatory marker often assessed in clinical settings to evaluate inflammation levels. It is used to monitor diseases like Crohn's disease, where inflammation is a characteristic feature. The context suggests its levels are affected by treatments targeting IL-6 signaling, which is a pathway involved in immune responses and inflammation.

3. **Interactions with Other Molecules**: The context highlights interactions between CRP and interleukin-6 (IL-6) signaling pathways. IL-6 is a cytokine that activates the acute phase response, leading to increased CRP production. Treatments that target IL-6 or its receptor (IL-6Rα) can lead to a decrease in CRP levels by mitigating inflammation.

4. **Importance in the Biological System Being Modeled**: CRP serves as a significant marker for inflammation in the model described. The model evaluates the effectiveness of different treatment strategies for managing inflammation, particularly in conditions like Crohn's disease, by measuring changes in CRP levels. The modulation of CRP through therapeutic interventions indicates the model's ability to simulate the inflammatory response to drug treatments.

Overall, CRP is critical for monitoring and understanding inflammatory processes and the effectiveness of interventions in inflammatory diseases."
mw30ae63db_6cd3_4b6f_93ad_3350cd360bcc,sR,"From the provided documents, there is no specific mention of a species named 'sR' with the ID mw30ae63db_6cd3_4b6f_93ad_3350cd360bcc. However, there are references to molecules and components related to the IL-6 signaling pathway, such as sIL-6R (soluble IL-6 receptor) and sgp130, which are involved in IL-6 mediated signaling.

### Inferred Background Information about 'sR':

1. **Biological Function:**
   - Based on similar naming conventions, 'sR' could potentially refer to a soluble receptor or a molecule that has a regulatory or auxiliary role in signaling pathways, possibly related to cytokine signaling like IL-6.

2. **Role in Pathways:**
   - If 'sR' is associated with processes similar to sIL-6R, it may be involved in modulating cytokine actions. Soluble receptors like sIL-6R often bind cytokines in the bloodstream, influencing their bioavailability and activity.

3. **Interactions with Other Molecules:**
   - Soluble receptors typically interact with ligands or other receptor components (e.g., cytokines such as IL-6). They may act as either inhibitors by sequestering the ligand or enhancers by stabilizing receptor complexes.
   - Related interactions could involve complex formation with cytokine molecules and possibly other receptors such as gp130.

4. **Importance in the Biological System Being Modeled:**
   - In the context of the IL-6 signaling described, 'sR' may play a role in modulating inflammatory responses or other gene expression pathways through its interaction with signaling molecules.
   - It might be significant in balancing the dynamics of cytokine signaling, similar to how sgp130 is described as having minimal immediate impacts unless present in vastly altered concentrations.

Since there is no explicit information on 'sR', the above inferences are drawn from typical functions and roles of soluble receptors in cytokine signaling pathways as exemplified by the mentioned components like sIL-6R."
mw03db56ac_8dc6_4931_ae82_fef706d2ee3d,sR_IL6,"Based on the provided context and general knowledge about similar biological components, the species ""sR_IL6"" appears to refer to the soluble receptor component related to the cytokine Interleukin-6 (IL-6). Below is a summary of relevant background information:

1. **Biological Function**:
   - sR_IL6, likely reflecting ""soluble IL-6 receptor"" (sIL-6R), is a part of the IL-6 signaling pathway. This soluble receptor can bind to IL-6, allowing it to interact with gp130, a signal-transducing receptor component, and mediate downstream signaling.
   
2. **Role in Pathways**:
   - IL-6 can signal through classical and trans-signaling pathways. The classical pathway involves the membrane-bound IL-6 receptor, while the trans-signaling pathway involves the soluble IL-6 receptor (sIL-6R). In the latter, sR_IL6 binds to IL-6, forming a complex that can interact with membrane-bound gp130 to initiate intracellular signaling cascades.

3. **Interactions with Other Molecules**:
   - sR_IL6 forms a complex with IL-6, known as the IL-6/sIL-6R complex. This complex can be sequestered by another protein called sgp130, which negatively regulates IL-6 signaling by preventing it from interacting with cell surface gp130.
   - The interaction between IL-6/sR_IL6 and gp130 leads to the activation of the Jak/STAT3 signaling pathway, which is pivotal for mediating immune and inflammatory responses.

4. **Importance in the Biological System**:
   - The soluble receptor sR_IL6 is important in expanding the range of cells that can respond to IL-6, as not all cells express the membrane-bound IL-6 receptor. Through trans-signaling, it facilitates cellular responses in a broader repertoire of cell types, including those implicated in inflammation and immune responses.
   - In the context of the multiscale model outlined in the document, sR_IL6 and its interactions are crucial in understanding mechanisms underlying diseases such as Crohn's disease and in evaluating therapeutic interventions targeting IL-6 signaling pathways.

In summary, sR_IL6 plays a significant role in mediating IL-6-related signaling pathways, influencing immune regulation and inflammation, and is a critical component in the computational modeling of related diseases."
mwf345ed7a_0622_403c_b816_c8749a2c9ded,Ab,"The context provided from the documents appears to be focused on a biological or pharmacological study, particularly related to the immune response involving interleukin pathways and potentially antibodies. However, there is no direct information or explicit mention of the species or molecule named 'Ab' with the ID provided. 

Based on the typical use of ""Ab"" in biological contexts, especially when mentioned alongside dose response and serum concentrations, it likely refers to an antibody. The context involves interactions within the IL-6 signaling pathway, common in studies involving inflammatory diseases such as Crohn’s disease (CD), and it details the effects of targeting interleukin-6 (IL-6), its receptor (IL-6Rα), and their complex. 

Given this information, 'Ab' could refer to:

1. **Biological Function**: 'Ab' functions as an antibody, possibly designed to bind to specific antigens like IL-6 or IL-6Rα, potentially modulating immune responses by inhibiting these targets to reduce inflammation or related symptoms.

2. **Role in Pathways**: It plays a role in the IL-6 signaling pathway, likely targeting either IL-6, IL-6Rα, or their complex, which is crucial in mediating inflammatory responses.

3. **Interactions with Other Molecules**: 'Ab' would interact with IL-6, IL-6Rα, and possibly the IL-6/sIL-6Rα complex. This interaction aims to reduce the signaling through the IL-6 pathway, which is implicated in inflammatory processes.

4. **Importance in the Biological System Being Modeled**: In the context of this study, 'Ab' is an important therapeutic agent intended to suppress inflammatory markers such as C-reactive protein (CRP), as suppression of CRP would indicate reduced inflammation, which is crucial in diseases like inflammatory bowel diseases.

Overall, while explicit information on 'Ab' is not provided, it can be inferred that 'Ab' is an antibody used to intervene in inflammatory signaling pathways by targeting components of the IL-6 signaling system."
mw1da111f2_a036_4392_8512_015005bdcbb7,Ab_sR,"The context provided does not contain specific information about the species named 'Ab_sR' (ID: mw1da111f2_a036_4392_8512_015005bdcbb7). However, we can infer certain aspects based on the context and general biological knowledge related to similar components.

In the context given, there are discussions around IL-6 (Interleukin-6), sIL-6R (soluble IL-6 receptor), and their interactions. These are critical components of the IL-6 signaling pathway, which is significant in the regulation of immune responses, inflammation, and hematopoiesis. Particularly, the IL-6/sIL-6R complex is involved in the trans-signaling pathway, affecting various biological processes, such as acute-phase protein production in the liver (e.g., CRP - C-reactive protein) and potentially impacting inflammation and immune response regulation.

Given this context, if 'Ab_sR' is presumed to be a molecule or species related to these pathways, it might play a role in interacting with IL-6 or its receptor components, such as sIL-6R, thereby influencing the pathway's function. If 'Ab_sR' is akin to an antibody, as suggested by the prefix ""Ab,"" it might be involved in modulating the IL-6 signaling through binding to IL-6, sIL-6R, or the IL-6/sIL-6R complex, potentially affecting immune signaling and inflammation.

If 'Ab_sR' has an inhibitory function similar to that of an antibody targeting IL-6 or sIL-6R, it could contribute to downregulating excessive inflammatory responses, thus playing a protective role in conditions characterized by inflammation, like autoimmune diseases or chronic inflammatory states. 

In summary, without explicit details, 'Ab_sR' might be theorized to interact within the IL-6 signaling pathway, potentially moderating its activity and influencing broader biological functions related to inflammation and immune response regulation."
mw9947742a_0e4b_4636_9a4b_b6eef2a8f6ac,Ab_sR_IL6,"From the context provided, there is no direct mention of a biological species or molecule named 'Ab_sR_IL6'. However, I can infer what it might be based on the context and general understanding of similar biological components.

Given the provided context, which involves IL-6 (Interleukin-6) and sIL-6R (soluble Interleukin-6 receptor), it is likely that 'Ab_sR_IL6' refers to an antibody directed against a complex involving these molecules. Here’s a possible breakdown of what 'Ab_sR_IL6' might represent based on the context:

1. **Biological Function:**
   - If 'Ab_sR_IL6' stands for an antibody targeting the soluble IL-6 receptor (sIL-6R) or the IL-6/sIL-6R complex, its primary biological function would be to inhibit the interaction of IL-6 with its receptor. This can prevent downstream signaling pathways that are activated by IL-6 binding, which are known to play roles in inflammatory and immune responses.

2. **Role in Pathways:**
   - IL-6 is involved in the JAK/STAT signaling pathway, leading to the activation of STAT3 and transcription of specific genes, including ones involved in inflammation. The antibody would act to disrupt this signaling pathway by preventing IL-6 from binding to the sIL-6R and further associating with the membrane-bound IL-6 receptor (IL-6R) and gp130, a signal transducer molecule.

3. **Interactions with Other Molecules:**
   - The 'Ab_sR_IL6' likely interacts with sIL-6R or the IL-6/sIL-6R complex to form a binding complex that prohibits IL-6-related signaling cascades.
   - This interaction would affect the circulation of IL-6 and sIL-6R, and consequently, the levels of C-reactive protein (CRP) in systems such as the liver, as indicated by the discussion around CRP suppression.

4. **Importance in the Biological System Being Modeled:**
   - In the context of immune regulation, particularly relating to conditions like Crohn’s disease or rheumatoid arthritis, inhibiting IL-6 signaling through the action of the antibody could provide therapeutic benefits by reducing inflammation.
   - The model suggests that targeting both IL-6 and IL-6/sIL-6R (potentially by an antibody like 'Ab_sR_IL6') might yield enhanced therapeutic benefits compared to targeting IL-6 alone.

This inference leverages general knowledge about the IL-6 pathway and common antibody strategies in therapeutic interventions."
CRP_Suppression___,CRP Suppression (%),"Based on the context provided, ""CRP Suppression (%)"" appears to be a measurement or output rather than a biological species or molecule. It is related to the suppression or reduction of serum C-reactive protein (CRP) levels, which can be tracked as a percentage decrease from baseline levels. Here is the inferred background information:

1. **Biological Function**: CRP is a protein produced by the liver in response to inflammation. It is a common marker used in clinical settings to assess acute inflammation and is part of the immune response.

2. **Role in Pathways**: CRP is part of the inflammatory response pathway. It is typically upregulated in response to pro-inflammatory cytokines such as Interleukin-6 (IL-6). The context suggests that anti-IL-6 or anti-IL-6 receptor (IL-6R) treatments are being used to modulate CRP levels by reducing inflammation.

3. **Interactions with Other Molecules**: In the context of anti-IL-6 and anti-IL-6R treatments, CRP levels are affected by these interventions, which target the IL-6 signaling pathway. The suppression of CRP is used as an indicator of the effectiveness of these treatments, implying that IL-6 and its receptor play significant roles in the regulation of CRP levels.

4. **Importance in the Biological System**: The reduction in serum CRP levels, reflected as ""CRP Suppression (%)"", is used as a biomarker to assess the efficacy of treatments targeting IL-6 signaling. This makes CRP suppression a crucial readout in models studying inflammation and therapeutic interventions aimed at reducing inflammation.

Therefore, while ""CRP Suppression (%)"" is not a biological species or molecule, it serves as a quantitative measure of the effectiveness of interventions targeting inflammation, specifically through the IL-6 pathway. The context indicates its use in evaluating the impact of various anti-inflammatory strategies."
CRP____of_baseline,CRP (% of baseline),"Based on the provided context and general knowledge, here is the background information about ""CRP (% of baseline)"":

1. **Biological Function**:
   - CRP stands for C-reactive protein, which is a substance produced by the liver in response to inflammation. It is a well-known biomarker for inflammation and can indicate the presence of inflammatory diseases or other conditions.

2. **Role in Pathways**:
   - CRP is involved in the immune system's response to inflammation. It functions by binding to lysophosphatidylcholine on the surface of dead or dying cells and some types of bacteria. This binding activates the complement system via C1q, promoting phagocytosis by macrophages, which is a key component of the immune response to infection or injury.

3. **Interactions with Other Molecules**:
   - CRP interacts with other molecules within the immune system, such as complement proteins. In the context of the provided documents, CRP levels are used as an indicator of inflammation reduction in response to anti-IL-6Rα therapy. CRP levels decrease when the therapy is effective, signaling reduced inflammation.

4. **Importance in the Biological System Being Modeled**:
   - In the context of the provided documents, CRP (% of baseline) is a crucial measure used to evaluate the efficacy of a treatment involving anti–IL-6Rα (tocilizumab) antibodies. Tocilizumab is used to treat immune-mediated conditions by blocking the interleukin-6 receptor (IL-6Rα), thereby reducing inflammation. Monitoring CRP levels over time allows researchers to confirm the treatment's impact on systemic inflammation.

The term ""CRP (% of baseline)"" refers to the proportion of CRP levels at any given time point compared to the initial baseline level before treatment commenced. This percentage allows researchers to assess changes in CRP concentration as a direct result of therapeutic interventions, providing insights into how effectively the treatment controls inflammation."
mw80848184_e2dd_47ce_86d7_7a21479342bd,gp130,"Gp130 is an important protein involved in the cytokine signaling pathway, particularly in relation to interleukin-6 (IL-6) signaling. It acts as a signal transducer for the IL-6 family of cytokines and plays a critical role in the assembly and function of cytokine receptor complexes. Specifically, gp130 serves as a common signal transducing subunit for the IL-6 receptor complex, which includes the IL-6 receptor alpha (IL-6Rα) and the IL-6 cytokine itself.

### Biological Function:
- **Signal Transduction**: Gp130 participates in transmitting signals from the IL-6/IL-6Rα complex inside the cell, resulting in various biological responses. It forms a hexameric complex with IL-6 and its receptor, which is crucial for initiating downstream signaling pathways.
- **Regulator Role**: Soluble gp130 (sgp130) acts as a natural inhibitor of IL-6 trans-signaling. It binds to the IL-6/sIL-6Rα complex, preventing its interaction with membrane-bound gp130, thus modulating the activity of IL-6.

### Role in Pathways:
- **IL-6 Pathway**: Gp130 is fundamental in the IL-6 signal transduction pathway. It is involved in the initiation of cascades like the JAK/STAT pathway, which is important for gene expression and immune response regulation.
- **Inflammatory Response**: Through its interaction with IL-6, gp130 is implicated in the inflammatory response and has been linked to diseases such as Crohn's disease.

### Interactions with Other Molecules:
- **Complex Formation**: Gp130 interacts with IL-6 and soluble IL-6Rα to form a signaling complex. This interaction is necessary for the proper signal transduction and is the target for various therapeutic interventions.
- **Therapeutic Applications**: Fusion proteins like sgp130Fc are designed to inhibit IL-6 trans-signaling by binding the IL-6/sIL-6Rα complex, which is being explored for therapeutic use in inflammatory diseases like Crohn’s.

### Importance in Biological Systems:
- **Regulatory Mechanism**: Gp130 serves as a key regulatory mechanism in cytokine signaling, influencing immune system activity and inflammation.
- **Disease Targeting**: Because of its central role in cytokine signaling, particularly in inflammatory pathways, gp130 and its soluble form are subjects of therapeutic interest, aiming to manage chronic inflammatory conditions.

In summary, gp130 is a critical component in cytokine receptor signaling, primarily involved in IL-6-related pathways, playing a significant role in immune responses and being a potential point of interference for therapeutic strategies in inflammatory diseases."
mwd2d9d93a_3bd1_4f17_bac1_baba9ef2d55a,R_IL6_gp130,"The species named 'R_IL6_gp130', provided with the ID mwd2d9d93a_3bd1_4f17_bac1_baba9ef2d55a, seems to relate to components involved in the interleukin-6 (IL-6) signaling pathway, specifically centered around the gp130 protein. Although the context provided does not explicitly describe 'R_IL6_gp130', we can infer its characteristics based on similar biological components related to gp130 in IL-6 signaling.

### Biological Function and Role in Pathways
- **gp130 (Glycoprotein 130)**: Serves as a signal-transducing receptor component shared by many cytokine receptors. It plays a central role in the IL-6 family cytokine signaling mechanisms.
- **IL-6 Signaling**: The molecule gp130 is integral to both classical and trans-signaling pathways of IL-6. The classical pathway involves the membrane-bound IL-6 receptor (IL-6R) and is primarily active in immune cells. Trans-signaling occurs via a soluble form of the IL-6 receptor (sIL-6R) and is more widely active, affecting cells that do not have the IL-6 receptor.

### Interactions with Other Molecules
- **IL-6/JAK/STAT Pathway**: The gp130 acts as the signal transducer for IL-6-type cytokine receptors, leading to activation of the JAK/STAT signaling cascade, which is crucial for immune responses and inflammation.
- **Soluble gp130 (sgp130)**: This can act as a natural inhibitor for the IL-6/sIL-6R complex, limiting the effects of IL-6 trans-signaling.

### Importance in Biological Systems
- **Inflammation and Immune Response**: The IL-6/gp130 pathway is significant in the regulation of inflammatory responses, relevant in various diseases such as Crohn's disease, as mentioned in the context.
- **Therapeutic Implications**: Variants or derivatives like sgp130Fc, which can inhibit IL-6 trans-signaling, are under study as therapeutic options for inflammatory diseases.

In summary, while specific data about 'R_IL6_gp130' is not explicitly detailed in the context, by contextual association, it likely refers to a key player within the IL-6 signaling pathway, particularly involving gp130 in modulating immune and inflammatory processes through its interactions with IL-6 and its receptors."
mw4638f126_8cb8_4021_ab41_6ae195743ba0,sR_IL6,"The species referred to as 'sR_IL6' in the provided context is likely a soluble receptor related to the interleukin-6 (IL-6) signaling pathway. However, the context primarily references sIL-6R (soluble IL-6 receptor), which plays a prominent role in IL-6 signaling.

Here is a summary of the background information and inferred roles of 'sR_IL6', based on the context and general knowledge of similar molecules:

1. **Biological Function**: sIL-6R, which 'sR_IL6' appears to be closely related to, acts as a soluble form of the membrane-bound IL-6 receptor. It binds to IL-6 and can participate in inducing cellular responses, even in cells that do not express the membrane-bound receptor (classical signaling).

2. **Role in Pathways**: sIL-6R is involved in IL-6 trans-signaling. In this process, the IL-6:sIL-6R complex can interact with the signaling receptor gp130 on cell surfaces, initiating signal transduction inside these cells. This pathway is crucial for modulating inflammatory responses and is distinct from classical IL-6 signaling that involves membrane-bound IL-6R.

3. **Interactions with Other Molecules**: sIL-6R interacts with IL-6 to form the IL-6:sIL-6R complex. This complex can be sequestered by sgp130, another soluble receptor, which regulates its availability and, thus, the extent of trans-signaling.

4. **Importance in the Biological System**: In the context of the immune system, especially in diseases like Crohn's Disease, the IL-6:sIL-6R complex is critical due to its potent regulatory effects on inflammation. Targeting this complex can alter the disease course by modulating immune responses, highlighting its importance in therapeutic strategies.

Overall, sR_IL6 (assuming it is similar to sIL-6R) is a crucial component of the IL-6 signaling system, facilitating interactions that expand the range of cells responsive to IL-6, thereby playing a significant role in immune regulation and inflammation."
mw10315fa3_6f13_4618_bda8_a8694bd3c374,R,"Based on the provided context, the document discusses interleukin-6 receptor (IL-6R) and related biological components. Although the species 'R' with the ID 'mw10315fa3_6f13_4618_bda8_a8694bd3c374' is not explicitly mentioned, we can infer its context within the study.

The document describes the role of soluble interleukin-6 receptor (sIL-6R) and the targeting of IL-6Rα by antibodies, suggesting that 'R' could be connected to IL-6R, possibly a subtype or variant involved in the pathway under study. The general biological functions and roles related to IL-6R could include:

1. **Biological Function**: IL-6R is a part of the signaling pathway for interleukin-6 (IL-6), a cytokine involved in immune responses, inflammation, and hematopoiesis.

2. **Role in Pathways**: IL-6R is essential for the classical IL-6 signaling pathway, which involves the dimerization of IL-6/IL-6R complex with gp130, activating JAK/STAT signaling that leads to gene transcription.

3. **Interactions with Other Molecules**: IL-6R interacts with IL-6 to form a complex that associates with gp130. It can exist in a soluble form (sIL-6R), which allows IL-6 signaling in cells lacking the membrane-bound receptor, extending the cytokine's effects.

4. **Importance in Biological Systems**: IL-6R is crucial in moderating immune responses and inflammation. It is a therapeutic target in inflammatory diseases, as seen in treatments involving anti-IL-6R antibodies (e.g., tocilizumab) to reduce inflammatory markers like C-reactive protein (CRP).

Due to the lack of specific mention of 'R,' it might represent a molecule involved in the broader IL-6/IL-6R signaling pathway being studied, potentially playing a similar role in inflammation and immune regulation."
mw0adf3eb4_a196_4c48_b10d_4e9e9faaf9e1,IL6,"IL-6 (Interleukin-6) is a cytokine, a type of signaling molecule involved in immune regulation. It plays a significant role in the body's inflammatory response and is implicated in various diseases, including Crohn’s disease and rheumatoid arthritis. In Crohn's disease, IL-6 contributes to enhanced T-cell survival and resistance to apoptosis in the lamina propria, along with elevated chemokine secretion. This suggests a critical role in promoting inflammation and immune dysregulation associated with the disease.

IL-6 signaling can occur through two main pathways:

1. **Classical Signaling Pathway**: This occurs via the membrane-bound IL-6 receptor (IL-6Rα). In this pathway, IL-6 binds to IL-6Rα, and the complex recruits a membrane-bound co-receptor, gp130, forming a heterotrimer that subsequently dimerizes to create an active hexameric IL-6 receptor complex. This complex initiates the phosphorylation of gp130-bound Janus kinase (Jak) family proteins and leads to the phosphorylation of signal transducer and activator of transcription 3 (STAT3).

2. **Trans-Signaling Pathway**: This involves the soluble IL-6 receptor (sIL-6Rα) and allows IL-6 signaling to occur even in cells that do not express IL-6Rα. The IL-6/sIL-6Rα complex can bind to gp130 on various cell types, activating similar downstream signaling pathways as the classical pathway. Trans-signaling is thought to be particularly significant in disease contexts, like Crohn’s disease, where it can exacerbate inflammation.

IL-6 interacts with other molecules such as anti-IL-6 and anti-IL-6Rα antibodies. These interactions are crucial in therapeutic contexts, such as using tocilizumab, an anti-IL-6Rα antibody, in treating rheumatoid arthritis. Tocilizumab has been observed to have nonlinear clearance, consistent with its interaction dynamics with IL-6Rα, validating certain modeling approaches.

Overall, IL-6 is an essential player in immune responses and inflammation, making it a critical target in therapies designed to modulate immune responses in various inflammatory diseases."
mw7d86cc23_a1af_44c3_bdb9_71e9b1bb2a83,R_IL6,"The context provided from the document does not directly mention a species or molecule explicitly named 'R_IL6' with the specific ID provided. However, we can infer potential information about 'R_IL6' by examining similar components within the context of IL-6 signaling and receptor interactions as mentioned in the document.

### Biological Function:
- **R_IL6** is likely to be some variant or receptor related to interleukin-6 (IL-6). IL-6 is a cytokine involved in inflammatory and immune responses. Receptors related to IL-6, such as IL-6 receptors, mediate its signaling and subsequent biological effects.

### Role in Pathways:
- **IL-6 signaling** involves complex pathways where IL-6 binds to its receptor (IL-6R), which can exist in both membrane-bound and soluble forms. This interaction often leads to the activation of the JAK/STAT signaling pathway, resulting in the phosphorylation of STAT3 (pSTAT3) and the transcription of genes involved in inflammation, such as SOCS and CRP (C-reactive protein).

### Interactions with Other Molecules:
- **IL-6 interacts** with its receptor (IL-6R), either in a classical membrane-bound form or in a form that involves soluble IL-6 receptor (sIL-6R) and glycoprotein 130 (gp130), facilitating signal transduction. This signaling can be modulated by molecules like anti-IL-6 or anti-IL-6R antibodies, which are studied for their effects in treating conditions like rheumatoid arthritis.

### Importance in Biological Systems:
- **The IL-6/IL-6R system** plays a significant role in immune regulation. It is involved in acute phase reactions, hematopoiesis, immune responses, and inflammation. It is particularly important in disease contexts such as Crohn's Disease and rheumatoid arthritis, where dysregulation of its signaling pathway can lead to pathological outcomes.

Given these functions and interactions, it is reasonable to infer that 'R_IL6' is an essential component within the IL-6 signaling pathway, potentially representing a receptor or regulatory element of the pathway, playing a pivotal role in mediating immune responses and inflammation in the biological system being modeled."
mw0eb6c959_d408_45a0_a450_928b8c5876bb,Ractive,"The provided context does not specifically mention the species 'Ractive' (ID: mw0eb6c959_d408_45a0_a450_928b8c5876bb). Therefore, based on the general content of the documents, which discuss immune regulation, particularly involving IL-6 in conditions like Crohn’s Disease and rheumatoid arthritis, I can infer some potential roles for a species hypothetically named 'Ractive' within this context.

1. **Biological Function**: Given the context focuses on immune regulation mediated by the cytokine IL-6, 'Ractive' could be speculated to play a role as a regulatory molecule or modulator within immune signaling pathways, possibly interacting with cytokines or receptors involved in inflammatory responses.

2. **Role in Pathways**: It might be involved in pathways related to cytokine signaling, particularly influencing the IL-6 pathway or its interaction with the soluble IL-6 receptor (sIL-6Rα), given the emphasis in the document on these components and their therapeutic targeting.

3. **Interactions with Other Molecules**: 'Ractive' could potentially interact with IL-6, its receptor IL-6Rα, or the IL-6/sIL-6Rα complex, affecting their activity, stability, or clearance in the system, similar to how antibodies like tocilizumab are described to interact with these components in the context provided.

4. **Importance in the Biological System**: If 'Ractive' were involved in modulating IL-6 activity, it could be crucial in maintaining or restoring immune balance, particularly in pathological conditions like Crohn’s disease where IL-6 plays a significant role in the disease mechanism.

This speculative function aligns with the themes observed in the documents, which focus on the modulation of cytokine activity and therapeutic interventions in inflammatory diseases."
mw42054cd7_17af_46da_970c_7f99151906ad,STAT3,"STAT3, or Signal Transducer and Activator of Transcription 3, is a transcription factor that plays a crucial role in cellular signaling pathways. It is known for its involvement in mediating the effects of cytokines and growth factors, particularly the signaling of interleukin-6 (IL-6). Here's a summary of the relevant aspects of STAT3 based on the provided context and general knowledge:

1. **Biological Function**:
   - STAT3 is activated through phosphorylation, typically following the engagement of cytokine receptors such as those for IL-6. Once phosphorylated, pSTAT3 dimerizes and translocates into the nucleus, where it functions as a transcription factor to regulate gene expression.

2. **Role in Pathways**:
   - STAT3 is a core component of the JAK-STAT signaling pathway. In particular, it plays a significant role in the signaling events triggered by IL-6. This cytokine binds to its receptor, IL-6Rα, and utilizes the coreceptor gp130. The activation process results in the phosphorylation of STAT3, which then facilitates the transcription of target genes involved in various physiological processes.

3. **Interactions with Other Molecules**:
   - STAT3 interacts with other signaling molecules, including the Janus kinases (JAKs), which are responsible for its phosphorylation. Furthermore, the context mentions soluble forms of the IL-6 receptor (sIL-6Rα) and soluble gp130 (sgp130), which influence the activity of STAT3 by modulating the availability and activity of the IL-6 signaling complex.
   - It also indirectly interacts with acute-phase proteins like C-reactive protein (CRP), with IL-6-induced STAT3 activity leading to increased CRP expression.

4. **Importance in Biological Systems**:
   - STAT3 plays a pivotal role in controlling inflammatory responses, promoting cellular growth and differentiation, particularly in response to IL-6 signaling, a critical regulator in immune responses and inflammation.
   - In diseases such as Crohn’s disease, increased levels of pSTAT3 have been associated with disease activity, highlighting its importance in the pathology and as a potential therapeutic target.

In summary, STAT3 is a central player in the IL-6 signaling pathway, influencing diverse biological processes and contributing to the pathology of various inflammatory diseases. Its regulation and interaction with other components make it a vital molecule in cellular signaling and a focal point in systems biology modeling."
mw39c2e431_fdc3_4964_be29_6ca856620b1b,pSTAT3,"Based on the context provided, pSTAT3 is the phosphorylated form of STAT3 (Signal Transducer and Activator of Transcription 3). Here is a summary of its relevant biological functions and roles based on the provided context and general knowledge:

1. **Biological Function**: 
   pSTAT3 is a transcription factor that is activated through phosphorylation. This phosphorylation is primarily mediated by the Janus kinase (Jak) pathway, which is activated upon stimulation by cytokines such as interleukin 6 (IL-6). Once phosphorylated, pSTAT3 dimerizes and translocates to the cell nucleus, where it binds to specific DNA sequences to regulate the transcription of various genes.

2. **Role in Pathways**:
   - **IL-6 Signaling Pathway**: pSTAT3 acts as a critical intermediary in the IL-6 signaling cascade. The context suggests that IL-6 can facilitate pSTAT3 activation through both classical and trans-signaling mechanisms. Trans-signaling involves interactions with soluble IL-6 receptors (sIL-6R), while classical signaling involves membrane-bound IL-6 receptors.
   - **JAK/STAT Pathway**: This is the primary signaling pathway for the activation of STAT3, where cytokines activate receptor-associated JAKs, which in turn phosphorylate STAT3, leading to the generation of pSTAT3.

3. **Interactions with Other Molecules**:
   - pSTAT3 interacts with the IL-6 receptor complex, which includes IL-6, sIL-6R, and gp130 (both membrane-bound and soluble forms like sgp130). The complex formation leads to the activation of downstream signaling, with pSTAT3 being a pivotal output molecule that drives gene transcription.
   - SOCS (Suppressor of Cytokine Signaling) proteins are notable as negative regulators, limiting the activity of the JAK/STAT pathway and, consequently, pSTAT3 activity.

4. **Importance in Biological Systems**:
   The activation of pSTAT3 is associated with numerous cellular responses, including immune responses, inflammation, cell growth, and differentiation. Its presence and activity level in tissues like the gastrointestinal tract have been linked to inflammatory conditions, such as Crohn's Disease, as indicated by increased pSTAT3 in colon biopsies in such diseases. This highlights its importance in immune regulation and pathology.

5. **Clinical Relevance**:
   Due to its role in promoting inflammatory gene expression and cell proliferation, aberrant or prolonged activation of pSTAT3 is implicated in several diseases, including cancers and inflammatory bowel diseases. Therefore, it is a potential target for therapeutic interventions aimed at modulating immune responses or treating STAT3-driven pathologies.

In summary, pSTAT3 is a crucial molecule in cytokine signaling pathways, modulating gene expression and contributing to inflammatory and proliferative processes in various tissues. Its regulation, particularly in pathological contexts like inflammatory bowel disease, makes it a significant focus for biological modeling and therapeutic targeting."
mwd5313618_89eb_4c8c_bc82_66f10f966349,CRP,"C-reactive protein (CRP) is a well-known marker in biological systems, particularly for inflammation. In the context of the provided documents, CRP serves as a biomarker to assess inflammation levels and the effectiveness of certain treatments, such as those targeting interleukin-6 (IL-6) signaling pathways in conditions like Crohn's disease.

**Biological Function:**
CRP is an acute-phase protein produced by the liver. Its levels in the serum increase in response to inflammation caused by various factors, including infections and autoimmune diseases. CRP's primary biological function is to bind to the surface of dead or dying cells and some types of bacteria, thereby activating the complement system, which is a part of the immune response.

**Role in Pathways:**
CRP is heavily involved in the immune response, mainly through its interaction with IL-6. IL-6 is a cytokine that plays a critical role in inflammation and immune response, and it induces the production of CRP. This connection makes CRP a useful indicator for evaluating the activity of the IL-6 pathway in various diseases.

**Interactions with Other Molecules:**
- **IL-6 and IL-6Rα:** CRP production is stimulated by IL-6, which binds to IL-6 receptors and activates downstream signaling pathways that include the transcription of acute-phase proteins like CRP.
- **sgp130Fc:** The document mentions the use of sgp130Fc, an antagonist for IL-6 trans-signaling, suggesting interactions that potentially involve modulation of CRP levels when IL-6 signaling is inhibited.

**Importance in the Biological System Being Modeled:**
CRP is central to the evaluation and modeling of inflammatory responses. In the simulation and modeling context in the document, CRP levels are utilized to validate models predicting the effect of IL-6 pathway inhibitors. Elevated CRP levels are commonly used as a surrogate marker for inflammation, making it a crucial component for assessing and predicting the effectiveness of treatments aimed at reducing inflammatory responses, especially in conditions like Crohn's disease.

In summary, CRP's role as an indicator of inflammation, particularly through its interaction with the IL-6 pathway, makes it a critical focus in understanding and modeling inflammatory diseases and the effectiveness of treatments targeting these pathways."
mw2e464cf3_a09c_4b7c_9f3c_06720016a48e,sR,"The provided context primarily discusses the involvement of specific molecules and pathways related to the IL-6 signaling system, particularly focusing on the soluble interleukin-6 receptor (sIL-6R) and its interactions within the immune response system. However, it does not specifically mention a species or molecule identified solely as 'sR'. Given the context, it is possible to infer that 'sR' could refer to a soluble receptor component within this framework, possibly related to the IL-6 signaling pathway.

### Inferred Background Information about 'sR':

1. **Biological Function:**
   - If 'sR' refers to a soluble receptor like sIL-6R, it functions by binding to a cytokine (such as IL-6) and subsequently participating in signaling pathways that alter cellular responses. Soluble receptors often regulate the activity of cytokines by either enhancing their range and stability or modifying their interaction with membrane-bound receptors.

2. **Role in Pathways:**
   - In the context of IL-6 signaling, soluble receptors like sIL-6R can form complexes with IL-6 (IL-6:sR complex), which can interact with other receptor subunits such as the signal-transducing element gp130. This initiates downstream signaling cascades like the JAK/STAT pathway, which affects the expression of various genes involved in inflammation and immune response.

3. **Interactions with Other Molecules:**
   - Potential interactions for 'sR' include binding with cytokines like IL-6 and interacting with other receptor components or proteins such as gp130. The formation of IL-6:sR:sgp130 complexes is one noted interaction, suggesting a role in modifying the cytokine's activity and downstream effects.

4. **Importance in the Biological System:**
   - The presence of soluble receptors modulates the intensity and duration of cytokine signaling. In the context described, the dynamics of 'sR' could be crucial in fine-tuning immune responses, particularly in inflammatory conditions. The precise balance and levels of such components can significantly influence physiological functions and pathological outcomes.

Overall, while the context does not directly provide information about a species identified as 'sR', based on the descriptions of similar molecules, 'sR' may play a significant modulation role in cytokine signaling, impacting inflammation and immune system behavior."
mw36ea78c1_ed71_4def_96d3_857a442d7195,CRPExtracellular,"The context provided does not specifically mention a species or molecule named 'CRPExtracellular' with the exact ID given. However, based on the context and general biological knowledge, we can infer information about CRP, or C-reactive protein, which is mentioned multiple times.

CRP, or C-reactive protein, is a protein found in blood plasma, whose levels rise in response to inflammation. It is considered an acute-phase protein produced by the liver in the presence of cytokines, particularly interleukin-6 (IL-6). The following points summarize the potential background information about 'CRPExtracellular' based on the context:

1. **Biological Function**: CRP plays a critical role in the body's inflammatory response. It binds to the surface of dead or dying cells (and some types of bacteria) to activate the complement system, promoting phagocytosis by macrophages, which is part of the innate immune response.

2. **Role in Pathways**: CRP is a significant marker in inflammation pathways. The context mentions its suppression as an indicator of the efficacy of treatments targeting IL-6 signaling. The model used in the study predicts serum CRP levels as a marker to assess the impact of drug treatments on inflammatory processes, like those seen in Crohn’s disease.

3. **Interactions with Other Molecules**: CRP interacts with various components of the immune system, notably through its interaction with the complement system. However, the context primarily focuses on its relationship with IL-6 signaling. Antibodies targeting IL-6 or its receptor are shown to suppress CRP levels in the serum, reducing inflammation.

4. **Importance in the Biological System Being Modeled**: In the context of the model described, CRP serves as a critical biomarker for inflammation and the efficacy of therapeutic interventions. The suppression of serum CRP levels is used as an output to evaluate the success of different treatment strategies for diseases characterized by overactive inflammation, like Crohn's disease.

Given this information, 'CRPExtracellular' could refer to the presence of CRP in the extracellular fluid, where it exerts its effects and serves as an important marker for inflammation in the modeling system."
mw147d30ec_478e_4090_b496_128a131d29eb,sgp130,"Based on the provided context, sgp130 appears to be a biological molecule involved in the regulation of IL-6 signaling pathways. Here's a detailed summary of the relevant background information about sgp130:

1. **Biological Function:**
   - sgp130 is a fusion protein that combines the extracellular portion of the glycoprotein gp130 with the Fc region of human IgG1. This fusion protein, referred to as sgp130Fc, functions primarily as an inhibitor of IL-6 trans-signaling. IL-6 is a cytokine that plays a crucial role in immune response, inflammation, and hematopoiesis.

2. **Role in Pathways:**
   - sgp130 is part of the signaling pathways involving IL-6 and its receptor organization. It specifically targets the IL-6/sIL-6Rα complex, preventing the propagation of IL-6 trans-signaling in cells, which can have various downstream effects on immune and inflammatory responses.

3. **Interactions with Other Molecules:**
   - sgp130 interacts with the IL-6/sIL-6Rα complex, binding it with the same affinity as the natural gp130 receptor. This interaction is significant because it hinders the complex's activity in trans-signaling pathways, which are mediated by the presence of soluble IL-6 receptors and contribute to various biological processes, including inflammation.

4. **Importance in the Biological System Being Modeled:**
   - In the context of this specific model, sgp130 plays a role in modulating the IL-6-mediated signaling pathways. However, the sensitivity analysis in the model indicated that altering sgp130 levels has minimal effect on the steady-state values of output parameters due to the excess presence of sgp130 relative to IL-6. Consequently, sgp130-based therapies might be less effective if the goal is to significantly alter these pathways or conditions like Crohn’s disease, as the system shows relative insensitivity to sgp130 changes.

In conclusion, sgp130 (as part of the sgp130Fc fusion protein) is primarily involved in the inhibition of IL-6 trans-signaling. Still, due to its high baseline level compared to IL-6, its impact on biological system dynamics may be limited without significant changes in sgp130 concentration."
mwab41493c_6349_45f1_a226_3030cfed0e06,sR_IL6_sgp130,"Based on the context provided and general knowledge of similar biological components, the species 'sR_IL6_sgp130' refers to complexes involving soluble IL-6 receptor components and the gp130 receptor protein. Here's a summary of the relevant information regarding these components:

1. **Biological Function:**
   - sR_IL6_sgp130 is likely involved in modulating the IL-6 signaling pathway. IL-6 is a cytokine that plays a critical role in immune responses, inflammation, and hematopoiesis.

2. **Role in Pathways:**
   - The document references IL-6 trans-signaling, it suggests that sR_IL6_sgp130 might be part of the mechanism to inhibit IL-6 signaling pathways. The soluble form of gp130 (sgp130) is noted as a negative regulator of IL-6 trans-signaling, which can act as a natural inhibitor by forming a complex with IL-6 and its soluble receptor sIL-6Rα, thus preventing further activation of membrane-bound gp130 receptor and subsequent signaling cascades.

3. **Interactions with Other Molecules:**
   - The context suggests that sgp130 interacts with the IL-6/sIL-6Rα complex. This interaction is essential because sgp130 cannot bind IL-6 directly unless IL-6 is associated with its soluble receptor, sIL-6Rα.

4. **Importance in the Biological System Being Modeled:**
   - In the context of inhibiting IL-6 trans-signaling, sgp130 (and likely sR_IL6_sgp130) plays a crucial role in maintaining balance by preventing excessive inflammatory responses. The simulations noted in the document suggest that therapeutically targeting sgp130 can have effects only at high doses, implicating its nuanced role in inflammation control through cytokine signaling pathways.

5. **Modeling and Implications:**
   - The system-level model mentioned discusses how sgp130 levels have little impact on steady-state parameters due to its high baseline concentration relative to free IL-6. This indicates sR_IL6_sgp130's role is more pronounced in scenarios where its concentration alters significantly, such as therapeutic applications for diseases like Crohn’s disease.

In summary, sR_IL6_sgp130 is integral to the regulation of IL-6 signaling, primarily acting as an inhibitor in inflammatory processes, and its high natural abundance helps modulate these pathways under normal physiological conditions.
"
mwf405687b_7401_44ec_a0d6_4a2b35c13e8a,Ab_sR,"Based on the provided context, there is no direct mention or specific information about the species 'Ab_sR' with ID: mwf405687b_7401_44ec_a0d6_4a2b35c13e8a. However, we can infer potential characteristics and roles of 'Ab_sR' by examining the context, which discusses interleukin-6 (IL-6) signaling pathways and associated molecules like soluble IL-6 receptor (sIL-6R) and C-reactive protein (CRP).

### Inferred Background Information about Ab_sR:

1. **Biological Function:**
   - If 'Ab_sR' is involved in the context of IL-6 signaling, it might be a receptor or a binding protein similar to sIL-6R. Soluble receptors often regulate cytokine activity by modulating their availability or by forming complexes that can engage in signaling.

2. **Role in Pathways:**
   - In the IL-6 signaling pathway, sIL-6R can form a complex with IL-6 that can interact with the signaling receptor gp130, initiating intracellular signaling cascades such as the JAK/STAT pathway. If 'Ab_sR' is analogous, it could play a role in modulating or facilitating such pathways.

3. **Interactions with Other Molecules:**
   - 'Ab_sR' may interact with cytokines like IL-6, potentially forming complexes that affect downstream signaling processes. Interaction with other receptors or signaling proteins such as gp130 is also a possibility if 'Ab_sR' serves a regulatory or modulating function similar to sIL-6R.

4. **Importance in the Biological System:**
   - In a biological system involving IL-6, components like sIL-6R are crucial for modulating inflammatory responses, highlighting their importance in immune regulation. Therefore, if 'Ab_sR' is part of this system, it may contribute significantly to balancing inflammatory signals and could be a target for therapeutic interventions aimed at controlling excessive inflammation.

Given the context's focus on IL-6 and its receptors, 'Ab_sR' might represent a component analogously involved in modifying immune responses or influencing chronic inflammation states, similar to how the sIL-6R functions in IL-6 signaling pathways."
mw3667a5e1_02c9_44a0_acb4_b0431faa822d,Ab,"The species denoted as 'Ab' in the context appears to refer to an antibody. Specifically, this antibody seems to play a role in targeting and potentially neutralizing components involved in inflammatory pathways. 

### Biological Function:
- The context suggests that 'Ab' is an antibody directed against interleukin-6 (IL-6) or its receptor(s), particularly the soluble IL-6 receptor alpha (sIL-6Rα). Antibodies in this context are proteins designed to bind to specific antigens, such as IL-6 or its receptor, effectively inhibiting their activity.

### Role in Pathways:
- The 'Ab' functions by engaging with and targeting the IL-6/sIL-6Rα complex, as part of a therapeutic mechanism aimed at reducing inflammation. This is evidenced by its usage in experiments modeling responses to treatment in conditions such as inflammatory bowel diseases (as indicated in other parts of the document).
- The targeting of this complex by the antibody is aimed at modulating immune responses, as IL-6 is a cytokine implicated in inflammatory and immune signaling pathways. 

### Interactions with Other Molecules:
- The antibody ('Ab') interacts specifically with IL-6 and sIL-6Rα. This interaction is significant because it prevents IL-6 from exerting its pro-inflammatory effects by blocking its interaction with cellular receptors or neutralizing it directly in circulation.
- The context also describes a dose-response relationship with serum C-reactive protein (CRP) suppression, which further underscores the antibody's role in inflammation modulation. CRP is an inflammatory marker, whose levels decrease with effective IL-6 pathway inhibition.

### Importance in the Biological System Being Modeled:
- 'Ab' is essential in the system due to its therapeutic potential in inflammatory diseases. By inhibiting IL-6 and its receptor's interaction, the antibody can help reduce pathological inflammation.
- This is particularly relevant in clinical scenarios where overactive IL-6 signaling contributes to disease progression, such as in certain autoimmune or inflammatory conditions.

Overall, 'Ab' is a critical component in the strategy for modulating inflammatory responses, highlighting its importance in both research and potential therapeutic applications."
mw772cbf20_3fc1_4800_ae59_77884f1ae333,Ab_R,"Based on the provided context from the documents, there is no specific mention or description of a biological species or molecule directly named 'Ab_R' with the ID provided. However, due to the context and typical content of systems biology research, we can infer some possibilities regarding what 'Ab_R' might represent, particularly in relation to antibodies or related biological components:

1. **Biological Function**: Given the context involving antibodies and their interactions with IL-6 receptors, 'Ab_R' could likely denote an antibody or a component related to antibody functions. Antibodies (Ab) are crucial components of the immune system, responsible for identifying and neutralizing foreign objects such as bacteria and viruses.

2. **Role in Pathways**: If 'Ab_R' is an antibody, it may play a role in immune signaling pathways, potentially as a therapeutic target or agent. Antibodies can either directly neutralize targets like IL-6 or IL-6Rα, or they can modulate signaling pathways by preventing these components from interacting and inducing inflammatory responses.

3. **Interactions with Other Molecules**: The documents discuss anti–IL-6 and anti–IL-6Rα antibodies, as well as their interactions and dose responses. If 'Ab_R' is related to these antibodies, it might interact with interleukins or receptors involved in inflammatory responses, specifically IL-6 and its receptor IL-6Rα, affecting pathways such as cytokine signaling and inflammation regulation.

4. **Importance in the Biological System Being Modeled**: In systems biology models, antibodies like 'Ab_R' can serve as model variables for predicting efficacy and outcomes of treatments targeting inflammatory pathways, such as those associated with chronic inflammatory diseases. The importance lies in their ability to modulate pivotal biochemical pathways, reduce inflammation markers such as CRP (C-reactive protein), and provide insights into therapeutic strategies.

In conclusion, without explicit information regarding 'Ab_R', the inference is that it might be an antibody related to the systems being studied, possibly playing a role in modulating inflammation through interactions with components like IL-6 and IL-6Rα."
mw2ba2b802_9f07_4f4d_94c6_24c8de1a95cf,Ab_sR_IL6,"Based on the context provided, there is no explicit mention of a species or molecule named 'Ab_sR_IL6' with the ID mw2ba2b802_9f07_4f4d_94c6_24c8de1a95cf. However, the documents discuss the interactions of antibodies with the IL-6/sIL-6Rα complex and the effects of targeting this interaction on immune regulation, specifically mentioning IL-6 and IL-6 receptor components such as sIL-6R (soluble IL-6 receptor).

Given this context, we can infer that 'Ab_sR_IL6' might represent an antibody related to the IL-6/sIL-6R interaction. Here is a generalized summary based on related knowledge about antibodies targeting the IL-6 pathway:

### Background Information on Potential 'Ab_sR_IL6':

- **Biological Function:** 'Ab_sR_IL6' is likely an antibody that targets the IL-6 signaling pathway, possibly binding to the soluble IL-6 receptor (sIL-6R) to modulate the interaction between IL-6 and its receptor.

- **Role in Pathways:** This antibody would play a role in interrupting or modulating the IL-6 signaling pathway, which is involved in various immune and inflammatory responses. By targeting sIL-6R, the antibody may inhibit downstream signaling events, such as the activation of STAT3 and subsequent transcription of inflammatory gene products.

- **Interactions with Other Molecules:** 'Ab_sR_IL6' may interact with sIL-6R, possibly preventing its interaction with IL-6 and the membrane-bound IL-6 receptor, thus affecting the formation of the IL-6/sIL-6R complex and its role in inflammatory signaling.

- **Importance in the Biological System:** The antibody's potential inhibition of IL-6 signaling can be critical in controlling overactive immune responses associated with diseases like Crohn’s disease and rheumatoid arthritis. By moderating this pathway, 'Ab_sR_IL6' may contribute to the suppression of inflammatory markers such as C-reactive protein (CRP).

This inference is made based on the context of targeting IL-6/sIL-6R pathways in therapeutic models and the general strategy of using monoclonal antibodies to modulate immune-related pathways."
mw7becb5fe_8da8_4285_a821_0d77ad811b62,sR_IL6,"Based on the context provided, specific information about the species named 'sR_IL6' (ID: mw7becb5fe_8da8_4285_a821_0d77ad811b62) is not directly mentioned. However, we can infer information based on the context regarding similar molecules like IL-6 and sIL-6R.

### General Inference on sR_IL6:

1. **Biological Function:**
   - IL-6 is a cytokine involved in immune response regulation, often signaling through pathways that involve soluble receptors, such as sIL-6R (soluble interleukin-6 receptor).
   - sIL-6R itself is instrumental in extending the range of IL-6 signaling to cells that do not naturally express the membrane-bound IL-6 receptor.

2. **Role in Pathways:**
   - IL-6 can signal through two main pathways: classical signaling, where it binds to membrane-bound IL-6R, and trans-signaling, involving sIL-6R.
   - The IL-6/sIL-6R complex can be sequestered by sgp130, a soluble protein that modulates these pathways.
   - These pathways are crucial in inflammation and immune regulation, often involved in diseases like Crohn's disease.

3. **Interactions with Other Molecules:**
   - IL-6 interacts with sIL-6R to form a complex that can engage with other components like gp130 (glycoprotein 130) to facilitate signaling.
   - The context also suggests interactions with pharmacological agents, with antibody treatments targeting IL-6 or the IL-6/sIL-6R complex showing varying efficacy.

4. **Importance in the Biological System:**
   - In models focusing on immune regulation, especially in conditions like Crohn's disease, the IL-6/sIL-6R axis is critically evaluated for therapeutic targeting.
   - Understanding its role is key for developing treatments that modulate immune responses pathological conditions.

Overall, while 'sR_IL6' is not explicitly detailed in the documents, it can be inferred to have a function and role akin to soluble receptors facilitating cytokine signaling, with critical implications in inflammatory disease models."
mw8c9107e6_f51d_442d_b2dc_2bfdbb8482ca,gp130,"Gp130, also known as glycoprotein 130, is a crucial component of the interleukin-6 (IL-6) signaling pathway. It functions as a signal transducer in the receptor complex for IL-6, which plays a pivotal role in immune response, inflammation, and hematopoiesis. Gp130 itself does not bind IL-6 directly; instead, it forms part of the high-affinity receptor complex by associating with the IL-6/IL-6 receptor (IL-6R) complex. 

In the context of IL-6 signaling, gp130 is involved in classical signaling where it forms a hexameric structure with IL-6 and its membrane-bound IL-6R. Gp130 is also involved in trans-signaling, particularly through its interaction with soluble IL-6 receptor (sIL-6R). In this process, IL-6 can bind to sIL-6R, and the complex can then associate with gp130 on cells that do not express IL-6R, thereby expanding the range of cells responsive to IL-6 signaling.

The document mentions a fusion protein, sgp130Fc, designed to inhibit IL-6 trans-signaling. This suggests that soluble gp130 (sgp130) acts as a natural inhibitor of the IL-6/sIL-6R complex, potentially preventing it from binding to membrane-bound gp130, thereby attenuating downstream signaling. This property of sgp130 is being explored as a therapeutic approach for conditions like Crohn's disease.

In terms of its biological importance, gp130 is crucial for mediating normal and pathological responses through the IL-6 pathway. Its interactions with IL-6 and IL-6R complexes make it a significant player in inflammatory diseases and a potential target for therapeutic interventions aimed at modulating immune responses."
mw824bc3d4_1ac3_4912_9b51_8f14ff1c96b9,R_IL6_gp130,"Based on the context provided, it appears there is limited direct information about the species 'R_IL6_gp130' with the ID provided. However, we can synthesize and infer its role based on related information about similar biological components.

### Inferred Background Information about R_IL6_gp130:

- **Biological Function**: The naming 'R_IL6_gp130' suggests a complex involving Interleukin-6 (IL-6) and glycoprotein 130 (gp130). IL-6 is a cytokine involved in inflammatory and immune responses. gp130 is a signal transducing component of the IL-6 receptor complex. The complex's primary function is to mediate IL-6 signaling, which is crucial for the acute phase response and in regulating the immune and inflammatory responses.

- **Role in Pathways**: The IL-6/gp130 complex is involved in the signaling pathways that result in the activation of intracellular cascades such as the JAK/STAT pathway. This signaling is essential for modulating gene expression in various tissues and contributes to physiological and pathophysiological processes. Specifically, the IL-6/gp130 signaling pathway plays a significant role in the inflammatory response observed in diseases like Crohn's disease, as noted in the context.

- **Interactions with Other Molecules**: The context notes soluble forms of the receptor components, such as sgp130 and sIL-6R. These soluble factors can modulate IL-6 signaling by acting as competitive antagonists or facilitators of trans-signaling. The IL-6 can bind to its soluble receptor (sIL-6R), and the complex can then associate with both membrane-bound and soluble gp130 (sgp130) to continue the signal transduction process.

- **Importance in the Biological System**: The IL-6/gp130 signaling complex is crucial in managing systemic inflammatory responses and its dysregulation can lead to chronic inflammatory conditions. It is an important therapeutic target, as seen in the research modeling the use of sgp130Fc to inhibit IL-6 trans-signaling for treating conditions like Crohn's disease.

Overall, R_IL6_gp130 likely represents a functional interaction or complex in the IL-6 signaling pathway that plays a pivotal role in immune responses and inflammation. It is essential for understanding disease pathogenesis and designing therapeutic interventions targeting cytokine signaling."
mw6cce2109_0e32_4dd9_98ec_41173e8ef07d,Ractive,"The provided context does not contain direct information about the species named 'Ractive' with the specified ID. However, based on the context, which discusses a multiscale model of IL-6–mediated immune regulation in Crohn's Disease and involves components such as IL-6, IL-6Rα, and antibodies targeting these molecules, we can make some inferences.

1. **Biological Function**: Ractive might be a signaling molecule or a biological entity involved in immune regulation, potentially analogous to IL-6 or its receptor. Its function could involve modulation of immune responses, particularly in inflammatory conditions such as Crohn's disease or rheumatoid arthritis.

2. **Role in Pathways**: If Ractive functions similarly to IL-6 or its receptor, it may play a role in cytokine signaling pathways, which are crucial for immune system communication and regulation. These pathways often involve complex interactions and feedback mechanisms that control inflammation and immune response.

3. **Interactions with Other Molecules**: Ractive could interact with receptors or form complexes that facilitate or inhibit signal transduction. This is akin to how IL-6 interacts with sIL-6Rα, forming a complex that can activate signaling pathways.

4. **Importance in the Biological System**: In a model of immune regulation, Ractive could be important for understanding the dynamics of immune signaling, potentially serving as a target for therapeutic interventions in diseases characterized by dysregulated immune responses.

Without specific information, these inferences rely on general knowledge of molecules involved in cytokine signaling and immune modulation, similar to IL-6 and its receptor pathways."
mw2b255f94_8018_4b99_bde8_918eeac45446,STAT3,"STAT3, or Signal Transducer and Activator of Transcription 3, is a transcription factor involved in various biological processes, particularly in signal transduction pathways. It is activated through phosphorylation, which is triggered by upstream cytokine signaling, such as the interleukin-6 (IL-6) signaling pathway. This phosphorylation site on STAT3 is known as pSTAT3, where 'p' denotes its phosphorylated state.

**Biological Function:**
STAT3 serves as a key mediator in the cytokine signaling pathway that leads to the transcription of various genes. Upon activation, STAT3 translocates to the nucleus where it binds to specific DNA sequences to induce gene expression. The genes regulated by STAT3 are often involved in crucial biological processes such as immune response, cell growth, apoptosis, differentiation, and inflammation.

**Role in Pathways:**
STAT3 is prominently involved in the IL-6 signaling cascade. Within this pathway, IL-6 binding leads to the formation of a receptor complex that includes IL-6Rα and gp130, which then activates associated Janus kinases (JAKs). The JAK kinases phosphorylate STAT3, enabling its dimerization and subsequent nuclear translocation. In the nucleus, STAT3 acts on specific response elements to modulate the expression of target genes.

**Interactions with Other Molecules:**
STAT3 interacts with various components of the IL-6 signaling pathway, including the IL-6/sIL-6Rα complex and the gp130 receptor. Additionally, soluble gp130 (sgp130) can act as an inhibitor by sequestering the IL-6/sIL-6Rα complex, thereby modulating STAT3 activation. STAT3’s interactions are critical in modulating the inflammatory response as well as acute-phase reactions.

**Importance in Biological Systems:**
In the context of disease, STAT3-mediated trans-signaling is significant, particularly because it is involved in the upregulation of acute-phase proteins like C-reactive protein (CRP) and in immune responses within tissues such as the gastrointestinal tract and liver. Aberrant STAT3 signaling has been implicated in various pathological conditions, including cancers and inflammatory disorders like Crohn’s disease. In these contexts, STAT3's regulatory role on gene expression can impact cellular proliferation and differentiation, making it a valuable target for therapeutic interventions."
mw48867e93_f170_44e8_ac7a_185b23e1bf3b,pSTAT3,"pSTAT3, or phosphorylated Signal Transducer and Activator of Transcription 3, is a key molecule in the realm of cellular biology, particularly in the context of its involvement in various signaling pathways. Based on the provided context, here is a summary of pSTAT3's roles and interactions:

1. **Biological Function:**
   pSTAT3 is a phosphorylated form of the STAT3 protein, which functions as a transcription factor. Once activated, it translocates to the cell nucleus where it influences the transcription of various genes. This process is crucial for mediating cellular responses to cytokines and growth factors.

2. **Role in Pathways:**
   The context mentions pSTAT3 in connection with the IL-6 signaling pathway. IL-6 binds to its receptor IL-6R, and through the co-receptor gp130, initiates signaling cascades that lead to the activation (phosphorylation) of STAT3. This activation is implicated in ""trans-signaling"" which is a form of signaling where the ligand-receptor complex activates cells that do not express the IL-6 receptor.

3. **Interactions with Other Molecules:**
   pSTAT3 is involved in a sophisticated network of interactions:
   - It is downstream of the IL-6 signaling pathway, activated upon IL-6 binding to its receptor complex.
   - The phosphorylated STAT3 can induce expression of various genes including those encoding the suppressor of cytokine signaling (SOCS) proteins, which are negative regulators of cytokine signaling.
   - The context implies interactions with soluble forms of IL-6 receptor components, like sIL-6R and sgp130, which affect the signaling outcomes.

4. **Importance in the Biological System:**
   pSTAT3 is highlighted as an important signaling molecule in inflammatory responses, as noted in the mention of Crohn’s disease, an inflammatory bowel condition. In this context, elevated levels of pSTAT3 in colon biopsies suggest its role in mediating inflammatory processes. This underlines its importance not only in normal physiological responses but also in pathological conditions, making it a potential target for therapeutic intervention.

Overall, pSTAT3 plays a vital role in cytokine signaling pathways, particularly those involving IL-6, and is crucial for cellular functions that relate to inflammation, differentiation, and immune responses."
mw0083d743_836f_4238_a17f_4602193d5bc0,geneProduct,"The context provided does not specifically mention the species or molecule identified by the name 'geneProduct' with the ID mw0083d743_836f_4238_a17f_4602193d5bc0. However, based on the context surrounding interactions with IL-6, sIL-6R, and sgp130, we can infer some potential roles and characteristics that a typical gene product may exhibit within this biological system, particularly related to IL-6 signaling.

1. **Biological Function**: 
   - The reference to various gene products in conjunction with IL-6 pathways suggests that geneProduct might be involved in signaling pathways or could encode proteins that participate in immune responses. IL-6 is known to be a cytokine that plays a significant role in inflammation and the immune response.

2. **Role in Pathways**:
   - Gene products in the context of IL-6 are likely to be involved in mediating inflammatory responses or immune regulation. They could be participating in pathways involving Jak-STAT signaling, which is mentioned alongside IL-6 signaling processes in the text.

3. **Interactions with Other Molecules**:
   - The gene product could potentially interact with components of the IL-6 signaling pathway, such as the IL-6 receptor (IL-6R), soluble IL-6R (sIL-6R), and the signal transducer gp130. These interactions could influence downstream signaling cascades leading to diverse cellular responses.
   
4. **Importance in the Biological System Being Modeled**:
   - Considering the text emphasizes IL-6 signaling and its regulatory mechanisms, the gene product likely holds importance in modulating immune responses or inflammation. It might contribute to the fine-tuning of the system's response to inflammatory stimuli or be a target for therapeutic interventions to manage conditions related to excessive inflammation.

Although specific details about the geneProduct are not mentioned in the provided context, understanding general roles of other gene products in similar pathways suggests potential functions and interactions that could be applicable."
mwd31f52cc_04e7_40e0_885f_c7b2d9e62215,sR,"Based on the provided context, the species named 'sR' appears to be associated with IL-6 signaling pathways. While the document doesn't explicitly detail the specific properties or function of 'sR', we can infer its potential role from related components mentioned, such as sIL-6R and sgp130.

1. **Biological Function and Role in Pathways**:
   - **sR** likely stands for a soluble receptor, analogous to sIL-6R (soluble Interleukin-6 Receptor), a well-known component in the IL-6 signaling pathway.
   - Soluble receptors like sIL-6R can enhance the spectrum of the cytokine's action, allowing IL-6 to affect cells that do not express membrane-bound receptors.
   - In the IL-6 signaling pathway, these molecules participate in the ""trans-signaling"" mechanism, where soluble receptors (e.g., sIL-6R) bind to IL-6, and this complex can then interact with membrane-bound gp130 on cells, initiating downstream signaling events.

2. **Interactions with Other Molecules**:
   - The context mentions interactions between IL-6, sIL-6R, and sgp130. It's likely that 'sR' interacts with one or more of these molecules, possibly forming a complex with IL-6 that subsequently engages with cell surface components like gp130.
   - sgp130 acts as a natural inhibitor in the IL-6 signaling pathway by competitively inhibiting the binding of the IL-6/sIL-6R complex to cell surface gp130, thus regulating IL-6 trans-signaling activities.

3. **Importance in the Biological System**:
   - While the specific importance of 'sR' is not detailed, by analogy to sIL-6R, it could be critical in mediating and regulating responses to IL-6 in varied tissues, influencing gene expression changes and physiological responses.
   - Alterations in its concentration, similar to sgp130, may have implications for the dynamics of the signaling pathway, with potential roles in inflammatory responses, metabolism, or immune regulation.

In summary, although 'sR' is not specifically described, it is likely a component similar to sIL-6R, involved in facilitating IL-6 signaling through the trans-signaling pathway, with important interactions and regulatory roles in biological systems involving inflammatory responses."
mw2c9b0499_3325_4394_8af3_bbf653a944a0,IL6,"Based on the provided context, here is the background information about the molecule IL-6:

### Biological Function
IL-6 (Interleukin 6) is a cytokine that plays a crucial role in immune regulation. It is involved in various immune responses, inflammation, and hematopoiesis (formation of blood cellular components).

### Role in Pathways
IL-6 can signal through two main pathways:
1. **Classical Signaling Pathway:** Involves the membrane-bound IL-6 receptor (IL-6Rα). IL-6 binds to IL-6Rα, forming a dimer, which then associates with the gp130 receptor to form a hexameric complex. This complex triggers the phosphorylation of Janus kinase (Jak) family proteins and subsequently activates the STAT3 (Signal Transducer and Activator of Transcription 3) pathway.
2. **Trans-signaling Pathway:** Involves the soluble IL-6 receptor (sIL-6Rα). IL-6 binds to sIL-6Rα, and this complex interacts with gp130 on cell surfaces, similarly initiating the Jak/STAT3 signaling cascade.

### Interactions with Other Molecules
IL-6 interacts with both its membrane-bound and soluble receptors (IL-6Rα and sIL-6Rα) to mediate its biological effects. The subsequent activation of gp130 and Jak/STAT3 signaling pathways is a key interaction. IL-6 also interacts with antibodies that target either IL-6 itself or its receptor, influencing signal suppression, which has therapeutic implications.

### Importance in the Biological System Being Modeled
In the context of Crohn’s Disease, IL-6 is a significant contributor to the disease pathology. It enhances T-cell survival and apoptosis resistance in the intestinal lamina propria, leading to increased secretion of chemokines. This exacerbates the inflammatory response, making IL-6 a critical target for therapeutic interventions in Crohn's Disease. The suppression of IL-6 signaling through antibodies such as tocilizumab is of interest in controlling disease progression.

This information contextualizes the role of IL-6 in immune modulation, particularly its contribution to inflammatory diseases such as Crohn's Disease, and underscores its importance as a therapeutic target."
mwd65b5b39_dc1b_4e77_a999_67277a880e5e,sgp130,"sgp130, as described in the context, refers to a biological molecule associated with the inhibition of IL-6 trans-signaling. It is a fusion protein that combines the extracellular portion of gp130 with the Fc region of human IgG1, known as sgp130Fc. This fusion protein has been experimentally shown to inhibit the IL-6/sIL-6Rα complex in cultured cells. sgp130 acts by binding to this complex, thus playing a role in modulating inflammatory pathways that are mediated by IL-6 trans-signaling.

The molecule is particularly relevant in the context of therapeutic approaches for inflammatory diseases such as Crohn's disease. The document mentions simulations of intravenous dosing of sgp130Fc, which highlight its therapeutic potential, although its effectiveness is noted to be significant only at high and frequent doses. This suggests a potential therapeutic limitation due to the high baseline level of sgp130 in comparison to free IL-6, indicating that small changes in sgp130 levels have a minimal effect on system dynamics.

In terms of its role in biological pathways, sgp130's primary function in this context is the regulation of the IL-6 trans-signaling pathway. It interacts specifically with the IL-6/sIL-6Rα complex, preventing the signaling cascade that would normally be activated by the interaction of IL-6 with its receptors. This interaction is crucial for reducing inflammation, especially in cases like Crohn's disease.

In summary, sgp130 is important in systems biology as an inhibitor of the IL-6 trans-signaling pathway, possessing potential therapeutic uses in inflammatory diseases. However, its effectiveness is contingent upon achieving high concentrations due to its already high baseline levels compared to IL-6, thus making its role in modulating the pathway somewhat limited under normal physiological conditions."
mw6335d5d7_c7b0_4bc0_b883_f7ee4915c2c3,sR_IL6_sgp130,"The species 'sR_IL6_sgp130' likely refers to a soluble form of the glycoprotein gp130 that interacts with the interleukin-6 (IL-6) signaling complex. From the context provided, it can be inferred that sR_IL6_sgp130 is involved in the inhibition of IL-6 trans-signaling pathways. Here is a breakdown of the potential role and importance of sR_IL6_sgp130 based on the provided text and general biological knowledge:

1. **Biological Function**: sR_IL6_sgp130 likely functions as an inhibitor of the IL-6 trans-signaling pathway. Trans-signaling involves the interaction of IL-6 with its soluble receptor sIL-6Rα, which can then associate with membrane-bound or soluble gp130 to activate signaling. The role of sR_IL6_sgp130 would be to interrupt this process, thus modulating the cellular response to IL-6.

2. **Role in Pathways**: In the context of IL-6 signaling, gp130 is a signal-transducing receptor component. Inhibition of the IL-6/sIL-6Rα complex formation by sR_IL6_sgp130 would prevent downstream signaling events such as the activation of the JAK/STAT pathway and its associated transcriptional activities (e.g., induction of CRP production in the liver).

3. **Interactions with Other Molecules**: sR_IL6_sgp130 interacts directly with the IL-6/sIL-6Rα complex. By binding to this complex, it prevents the engagement and activation of membrane-bound gp130, thereby inhibiting downstream signaling.

4. **Importance in the Biological System**: The document suggests that while sR_IL6_sgp130 (or sgp130Fc, a pharmacological derivative) can inhibit IL-6-driven signaling pathways, its effectiveness is contingent on very high concentrations due to the high baseline levels of sgp130 compared to IL-6. This implies that sR_IL6_sgp130 serves as a regulatory element within the immune signaling framework, potentially acting as a buffer or modulator to prevent excessive or aberrant IL-6 signaling, which is relevant in pathologies like inflammation or autoimmune diseases.

In summary, sR_IL6_sgp130 plays a role as a modulator in IL-6 trans-signaling by binding to the IL-6/sIL-6Rα complex, thus preventing further signal transduction through gp130-mediated pathways. While it has potential therapeutic implications, particularly in inflammatory conditions, its impact in the modeled biological system requires larger perturbations to observe significant effects due to its existing baseline levels."
mwf7796221_1fea_4274_a93e_c00adbf5778c,Ab,"Based on the provided context, there is no direct mention of the species 'Ab' with the ID 'mwf7796221_1fea_4274_a93e_c00adbf5778c'. However, the context provides information on antibody interactions, specifically related to IL-6 and IL-6 receptor α (IL-6Rα), suggesting that 'Ab' might refer to an antibody involved in such interactions. Here’s an inferred background based on the context:

1. **Biological Function**: The abbreviation 'Ab' often refers to an antibody. Antibodies are crucial components of the immune system, responsible for identifying and neutralizing pathogens like bacteria and viruses. In this context, 'Ab' could be an antibody targeting IL-6 or its receptor IL-6Rα.

2. **Role in Pathways**: IL-6 is a cytokine involved in various inflammatory and immune responses. The IL-6/IL-6Rα pathway is significant in inflammatory diseases. An antibody against IL-6 or IL-6Rα would play a role in modulating this pathway, potentially reducing inflammation by inhibiting the activity of IL-6.

3. **Interactions with Other Molecules**: The 'Ab' in the context likely interacts with IL-6 and its receptor IL-6Rα. This interaction is aimed at blocking the cytokine signaling pathway, thereby reducing inflammation and associated symptoms. The context suggests that targeting both IL-6 and the IL-6/IL-6Rα complex can lead to enhanced therapeutic efficacy.

4. **Importance in the Biological System**: In the biological model described, the antibody 'Ab' plays a critical therapeutic role. By targeting IL-6 and IL-6Rα, it helps manage conditions characterized by excessive inflammation, such as inflammatory bowel diseases, which aligns with the reference to changes in serum CRP (C-reactive protein) levels—a marker of inflammation response.

In summary, although specific details about the species 'Ab' are not provided, it is likely an antibody functioning within an inflammatory pathway, targeting IL-6 and its receptor to mitigate inflammatory responses in diseases such as inflammatory bowel disease."
mw5d764bb8_5693_4ac8_9557_f65992cc5eb0,Ab_sR,"The provided context does not include specific information about the species named 'Ab_sR' (ID: mw5d764bb8_5693_4ac8_9557_f65992cc5eb0). However, I can infer some possibilities based on general knowledge about similar biological components within the described context.

1. **Biological Function**: There is a mention of molecules like sIL-6R and IL-6Rα within the text. Typically, 'Ab' in 'Ab_sR' could refer to an antibody or related molecule. In biological systems, antibodies play a crucial role in the immune response by identifying and neutralizing foreign objects like bacteria and viruses.

2. **Role in Pathways**: If 'Ab_sR' is an antibody, it may be involved in regulatory or signaling pathways. The context discusses the IL-6 signaling pathway, which is important for immune response mediation. Antibodies can modulate such pathways by targeting cytokines or their receptors to either promote or inhibit responses.

3. **Interactions with Other Molecules**: The IL-6/sIL-6R complex is a subject of interest in the provided context, often interacting with other proteins like sgp130. Antibodies typically interact with antigens (specific target molecules), possibly modulating interactions between cytokines and their receptors or further downstream signaling molecules such as STAT3.

4. **Importance in the Biological System Being Modeled**: In the given context, antibodies targeting components of the IL-6 pathway are evaluated for their potential in therapy (like CRP suppression), indicating the importance of these molecules in modulating inflammatory responses. Antibodies can be crucial in therapeutically managing conditions involving dysregulated cytokine signaling.

Without specific information about 'Ab_sR', it is not possible to ascertain its precise function or interactions. However, based on the context involving IL-6 signaling and the mention of antibodies (likely abbreviation 'Ab'), 'Ab_sR' might be involved in similar biological processes."
mwedc1bc00_adf7_4144_a1c2_7dc1a9565dc2,Ab_sR_IL6,"The species ""Ab_sR_IL6"" appears to be involved in interactions with the soluble form of the interleukin-6 receptor (sIL-6Rα). Based on the context provided, and given the naming convention (Ab typically denotes an antibody), ""Ab_sR_IL6"" likely represents an antibody that targets the sIL-6Rα molecule. Although there is no explicit mention of ""Ab_sR_IL6"" in the documents, we can infer its role based on known biological interactions and the surrounding text.

### Inferred Background Information about Ab_sR_IL6:

1. **Biological Function**:
   - ""Ab_sR_IL6"" is likely an antibody designed to interact with the soluble form of the interleukin-6 receptor, sIL-6Rα. Antibodies targeting cytokine receptors are typically used to modulate signal transduction pathways and manage inflammatory responses.

2. **Role in Pathways**:
   - The potential pathway involvement of ""Ab_sR_IL6"" is connected to the IL-6 signaling pathway. By targeting sIL-6Rα, this antibody may influence the downstream signaling of IL-6, a cytokine involved in immune regulation and inflammatory processes.

3. **Interactions with Other Molecules**:
   - It is likely that ""Ab_sR_IL6"" interacts specifically with sIL-6Rα, preventing its interaction with IL-6. This action could block or reduce the IL-6/sIL-6Rα complex formation, thereby affecting the downstream activation of signal transducer and activator of transcription 3 (STAT3) and other related genes and proteins.

4. **Importance in the Biological System Being Modeled**:
   - The targeting of the IL-6/sIL-6Rα complex is significant in the context of diseases characterized by exaggerated IL-6 signaling, such as Crohn's disease and rheumatoid arthritis. Antibodies like ""Ab_sR_IL6"" play a crucial role in diminishing the inflammatory response, potentially leading to decreased C-reactive protein (CRP) levels and amelioration of disease symptoms.

In summary, while ""Ab_sR_IL6"" is not explicitly detailed in the provided documents, its inferred role as an antibody against sIL-6Rα suggests its importance as a therapeutic agent in managing IL-6 mediated pathways and inflammatory conditions."
mwbc2f5464_81e5_43fd_8b39_f5a2756af72f,Ab,"The provided documents include information that suggests 'Ab' refers to an antibody involved in targeting the interleukin-6 receptor (IL-6Rα) and its soluble form (sIL-6Rα). Here's a summary based on the context:

### Biological Function
- **Ab** appears to be an antibody that specifically targets the IL-6 receptor (both membrane-bound and soluble forms, IL-6Rα/sIL-6Rα).
- It plays a role in modulating the immune response by interfering with the IL-6 signaling pathway.

### Role in Pathways
- IL-6 is a cytokine involved in inflammatory and immune responses. The IL-6 receptor, which 'Ab' targets, is part of this pathway.
- Targeting both IL-6 and IL-6Rα/sIL-6Rα can enhance the suppression of CRP (C-reactive protein), a marker of inflammation, indicating that 'Ab' is involved in controlling inflammatory responses.

### Interactions with Other Molecules
- The context suggests that 'Ab' interacts with IL-6, IL-6Rα, and sIL-6Rα. By binding these molecules, the antibody can alter their function, essentially blocking the downstream signaling of the IL-6 pathway.

### Importance in the Biological System
- The use of this antibody ('Ab') represents a therapeutic strategy to dampen inflammatory responses, which could be important in treating inflammatory conditions or diseases such as inflammatory bowel diseases, as suggested by the context.
- The document discusses the antibody's dose-response effect on CRP suppression, highlighting its therapeutic potential in modifying disease progression or symptoms.

In summary, 'Ab' is an antibody participating in anti-inflammatory processes by targeting and inhibiting key components of the IL-6 signaling pathway. This interaction plays a significant role in reducing inflammation and is relevant in pharmacological interventions for diseases characterized by elevated IL-6 activity."
