,node_index,node_name,node_source,node_id,node_type
22,22,FOS,NCBI,2353,gene/protein
24,24,LGALS9,NCBI,3965,gene/protein
29,29,F2,NCBI,2147,gene/protein
119,119,ETS1,NCBI,2113,gene/protein
125,125,EGFR,NCBI,1956,gene/protein
127,127,IRF4,NCBI,3662,gene/protein
142,142,YTHDF1,NCBI,54915,gene/protein
143,143,PRKAR1A,NCBI,5573,gene/protein
144,144,SMAD3,NCBI,4088,gene/protein
176,176,PPARD,NCBI,5467,gene/protein
179,179,IL10RB,NCBI,3588,gene/protein
197,197,MAPK14,NCBI,1432,gene/protein
199,199,POLB,NCBI,5423,gene/protein
209,209,MYH9,NCBI,4627,gene/protein
213,213,INS,NCBI,3630,gene/protein
227,227,IL1R1,NCBI,3554,gene/protein
249,249,GRN,NCBI,2896,gene/protein
292,292,S100A8,NCBI,6279,gene/protein
294,294,RIPK1,NCBI,8737,gene/protein
334,334,NMI,NCBI,9111,gene/protein
339,339,FANCA,NCBI,2175,gene/protein
350,350,CEBPB,NCBI,1051,gene/protein
361,361,SOD1,NCBI,6647,gene/protein
373,373,NOS2,NCBI,4843,gene/protein
375,375,ESR1,NCBI,2099,gene/protein
381,381,IL17A,NCBI,3605,gene/protein
389,389,CREB1,NCBI,1385,gene/protein
417,417,VCAM1,NCBI,7412,gene/protein
431,431,RAC1,NCBI,5879,gene/protein
447,447,GLP1R,NCBI,2740,gene/protein
457,457,CNR2,NCBI,1269,gene/protein
497,497,HIF1A,NCBI,3091,gene/protein
499,499,IRAK2,NCBI,3656,gene/protein
532,532,OPRM1,NCBI,4988,gene/protein
560,560,PLP1,NCBI,5354,gene/protein
577,577,RB1,NCBI,5925,gene/protein
608,608,VPS35,NCBI,55737,gene/protein
610,610,FYN,NCBI,2534,gene/protein
611,611,APP,NCBI,351,gene/protein
632,632,IRF1,NCBI,3659,gene/protein
633,633,IRF2,NCBI,3660,gene/protein
647,647,CSRP3,NCBI,8048,gene/protein
651,651,PRKACA,NCBI,5566,gene/protein
665,665,TNFRSF1A,NCBI,7132,gene/protein
691,691,CD81,NCBI,975,gene/protein
699,699,XIAP,NCBI,331,gene/protein
720,720,PTGIR,NCBI,5739,gene/protein
729,729,STAT3,NCBI,6774,gene/protein
772,772,RELA,NCBI,5970,gene/protein
789,789,PTH,NCBI,5741,gene/protein
805,805,CEBPA,NCBI,1050,gene/protein
832,832,AQP3,NCBI,360,gene/protein
844,844,SPP1,NCBI,6696,gene/protein
862,862,RBPJ,NCBI,3516,gene/protein
873,873,MAS1,NCBI,4142,gene/protein
901,901,STK39,NCBI,27347,gene/protein
927,927,PRKAR1B,NCBI,5575,gene/protein
939,939,CD200,NCBI,4345,gene/protein
956,956,PLK2,NCBI,10769,gene/protein
973,973,IKBKB,NCBI,3551,gene/protein
989,989,PPARG,NCBI,5468,gene/protein
994,994,MDK,NCBI,4192,gene/protein
996,996,B4GALT1,NCBI,2683,gene/protein
1002,1002,STAT5B,NCBI,6777,gene/protein
1004,1004,IL1B,NCBI,3553,gene/protein
1057,1057,AKT1,NCBI,207,gene/protein
1064,1064,REL,NCBI,5966,gene/protein
1071,1071,AZU1,NCBI,566,gene/protein
1073,1073,GNB1,NCBI,2782,gene/protein
1084,1084,PSMB4,NCBI,5692,gene/protein
1091,1091,CD36,NCBI,948,gene/protein
1101,1101,CDH5,NCBI,1003,gene/protein
1104,1104,AXL,NCBI,558,gene/protein
1117,1117,HCK,NCBI,3055,gene/protein
1122,1122,PPARA,NCBI,5465,gene/protein
1143,1143,FOXP1,NCBI,27086,gene/protein
1151,1151,NFKB1,NCBI,4790,gene/protein
1170,1170,SRC,NCBI,6714,gene/protein
1188,1188,GPX4,NCBI,2879,gene/protein
1192,1192,KCNN4,NCBI,3783,gene/protein
1236,1236,BIRC3,NCBI,330,gene/protein
1238,1238,IRF3,NCBI,3661,gene/protein
1239,1239,CIITA,NCBI,4261,gene/protein
1258,1258,FCGR2B,NCBI,2213,gene/protein
1300,1300,TREX1,NCBI,11277,gene/protein
1332,1332,PLCG1,NCBI,5335,gene/protein
1352,1352,ADGRE2,NCBI,30817,gene/protein
1362,1362,PRKCD,NCBI,5580,gene/protein
1395,1395,TGM2,NCBI,7052,gene/protein
1455,1455,HSPD1,NCBI,3329,gene/protein
1458,1458,CHI3L1,NCBI,1116,gene/protein
1476,1476,KRT16,NCBI,3868,gene/protein
1480,1480,ADIPOQ,NCBI,9370,gene/protein
1485,1485,MEFV,NCBI,4210,gene/protein
1494,1494,ADRB2,NCBI,154,gene/protein
1497,1497,GSTP1,NCBI,2950,gene/protein
1500,1500,CD247,NCBI,919,gene/protein
1514,1514,S100A9,NCBI,6280,gene/protein
1521,1521,CCL17,NCBI,6361,gene/protein
1533,1533,IL6ST,NCBI,3572,gene/protein
1559,1559,GATA3,NCBI,2625,gene/protein
1564,1564,IL17RA,NCBI,23765,gene/protein
1566,1566,ZNF580,NCBI,51157,gene/protein
1567,1567,IL6,NCBI,3569,gene/protein
1573,1573,CSF1R,NCBI,1436,gene/protein
1587,1587,PSTPIP1,NCBI,9051,gene/protein
1609,1609,CD28,NCBI,940,gene/protein
1618,1618,JAK2,NCBI,3717,gene/protein
1654,1654,IL1R2,NCBI,7850,gene/protein
1662,1662,CD44,NCBI,960,gene/protein
1665,1665,CAMK4,NCBI,814,gene/protein
1671,1671,PIK3CG,NCBI,5294,gene/protein
1683,1683,EPHA2,NCBI,1969,gene/protein
1694,1694,AGER,NCBI,177,gene/protein
1701,1701,NLRP4,NCBI,147945,gene/protein
1705,1705,PRKCQ,NCBI,5588,gene/protein
1707,1707,ABCD1,NCBI,215,gene/protein
1721,1721,GBA,NCBI,2629,gene/protein
1741,1741,C3,NCBI,718,gene/protein
1755,1755,PBXIP1,NCBI,57326,gene/protein
1760,1760,POMC,NCBI,5443,gene/protein
1770,1770,TLR2,NCBI,7097,gene/protein
1772,1772,PRKAR2B,NCBI,5577,gene/protein
1781,1781,NOTCH1,NCBI,4851,gene/protein
1810,1810,HTR4,NCBI,3360,gene/protein
1811,1811,PLAA,NCBI,9373,gene/protein
1825,1825,ADCY6,NCBI,112,gene/protein
1832,1832,CXCL9,NCBI,4283,gene/protein
1866,1866,SNCA,NCBI,6622,gene/protein
1886,1886,MFHAS1,NCBI,9258,gene/protein
1895,1895,CCR3,NCBI,1232,gene/protein
1897,1897,SERPINC1,NCBI,462,gene/protein
1912,1912,CCL21,NCBI,6366,gene/protein
1914,1914,BCL6,NCBI,604,gene/protein
1915,1915,AFAP1L2,NCBI,84632,gene/protein
1931,1931,NFKBIA,NCBI,4792,gene/protein
1941,1941,FFAR2,NCBI,2867,gene/protein
1944,1944,CCL5,NCBI,6352,gene/protein
1954,1954,GNG2,NCBI,54331,gene/protein
1990,1990,FCGR2A,NCBI,2212,gene/protein
1995,1995,ACVR1,NCBI,90,gene/protein
2010,2010,IFI16,NCBI,3428,gene/protein
2044,2044,TMSB4X,NCBI,7114,gene/protein
2075,2075,IRF8,NCBI,3394,gene/protein
2099,2099,APOA1,NCBI,335,gene/protein
2108,2108,KIT,NCBI,3815,gene/protein
2121,2121,GPS2,NCBI,2874,gene/protein
2131,2131,BIRC2,NCBI,329,gene/protein
2148,2148,TNFRSF1B,NCBI,7133,gene/protein
2159,2159,CCL4,NCBI,6351,gene/protein
2237,2237,C3AR1,NCBI,719,gene/protein
2242,2242,PSMA6,NCBI,5687,gene/protein
2243,2243,CCL3,NCBI,6348,gene/protein
2245,2245,GPR25,NCBI,2848,gene/protein
2248,2248,HDAC4,NCBI,9759,gene/protein
2250,2250,SYK,NCBI,6850,gene/protein
2271,2271,HMGB2,NCBI,3148,gene/protein
2275,2275,MAPK7,NCBI,5598,gene/protein
2290,2290,ADA,NCBI,100,gene/protein
2305,2305,CHUK,NCBI,1147,gene/protein
2319,2319,ANXA1,NCBI,301,gene/protein
2323,2323,LYN,NCBI,4067,gene/protein
2329,2329,TNF,NCBI,7124,gene/protein
2368,2368,APOD,NCBI,347,gene/protein
2384,2384,CRP,NCBI,1401,gene/protein
2395,2395,IL22,NCBI,50616,gene/protein
2403,2403,RELB,NCBI,5971,gene/protein
2432,2432,TSHB,NCBI,7252,gene/protein
2435,2435,TOLLIP,NCBI,54472,gene/protein
2442,2442,NFATC4,NCBI,4776,gene/protein
2467,2467,SELP,NCBI,6403,gene/protein
2503,2503,NR1D2,NCBI,9975,gene/protein
2508,2508,PIBF1,NCBI,10464,gene/protein
2531,2531,TBXA2R,NCBI,6915,gene/protein
2540,2540,APOA2,NCBI,336,gene/protein
2557,2557,IRF7,NCBI,3665,gene/protein
2593,2593,SQSTM1,NCBI,8878,gene/protein
2598,2598,NFKBID,NCBI,84807,gene/protein
2617,2617,IL2,NCBI,3558,gene/protein
2638,2638,NOD1,NCBI,10392,gene/protein
2645,2645,IL4R,NCBI,3566,gene/protein
2667,2667,AGTR1,NCBI,185,gene/protein
2672,2672,TACR1,NCBI,6869,gene/protein
2674,2674,TEK,NCBI,7010,gene/protein
2683,2683,KPNA6,NCBI,23633,gene/protein
2721,2721,FPR1,NCBI,2357,gene/protein
2742,2742,KRT1,NCBI,3848,gene/protein
2748,2748,DHX9,NCBI,1660,gene/protein
2786,2786,CASP1,NCBI,834,gene/protein
2798,2798,PNMA1,NCBI,9240,gene/protein
2801,2801,NDST1,NCBI,3340,gene/protein
2802,2802,PTN,NCBI,5764,gene/protein
2833,2833,NR1D1,NCBI,9572,gene/protein
2843,2843,HK1,NCBI,3098,gene/protein
2889,2889,TGFB1,NCBI,7040,gene/protein
2893,2893,TRAF3IP2,NCBI,10758,gene/protein
2909,2909,PRKD1,NCBI,5587,gene/protein
2910,2910,CASP5,NCBI,838,gene/protein
2947,2947,PRKCZ,NCBI,5590,gene/protein
2951,2951,ZYX,NCBI,7791,gene/protein
2965,2965,IL1A,NCBI,3552,gene/protein
2978,2978,CXCL8,NCBI,3576,gene/protein
2983,2983,IL10,NCBI,3586,gene/protein
2984,2984,PARK7,NCBI,11315,gene/protein
3016,3016,PPBP,NCBI,5473,gene/protein
3027,3027,YES1,NCBI,7525,gene/protein
3057,3057,PROC,NCBI,5624,gene/protein
3064,3064,CXCR2,NCBI,3579,gene/protein
3066,3066,OSM,NCBI,5008,gene/protein
3069,3069,KARS1,NCBI,3735,gene/protein
3154,3154,OSMR,NCBI,9180,gene/protein
3181,3181,ABCC2,NCBI,1244,gene/protein
3192,3192,HMOX1,NCBI,3162,gene/protein
3199,3199,DRD1,NCBI,1812,gene/protein
3203,3203,ADCY3,NCBI,109,gene/protein
3220,3220,C5AR1,NCBI,728,gene/protein
3230,3230,CD40LG,NCBI,959,gene/protein
3241,3241,MEP1B,NCBI,4225,gene/protein
3256,3256,FCGR3A,NCBI,2214,gene/protein
3259,3259,TLR4,NCBI,7099,gene/protein
3277,3277,RUBCN,NCBI,9711,gene/protein
3331,3331,ELANE,NCBI,1991,gene/protein
3333,3333,FPR2,NCBI,2358,gene/protein
3350,3350,TSPAN2,NCBI,10100,gene/protein
3362,3362,ELF3,NCBI,1999,gene/protein
3411,3411,PF4,NCBI,5196,gene/protein
3419,3419,ABCC1,NCBI,4363,gene/protein
3420,3420,ACKR2,NCBI,1238,gene/protein
3451,3451,IL13,NCBI,3596,gene/protein
3456,3456,VIPR2,NCBI,7434,gene/protein
3460,3460,CARD9,NCBI,64170,gene/protein
3474,3474,MMP9,NCBI,4318,gene/protein
3475,3475,BDKRB1,NCBI,623,gene/protein
3478,3478,TNIP1,NCBI,10318,gene/protein
3489,3489,F2R,NCBI,2149,gene/protein
3495,3495,IFNG,NCBI,3458,gene/protein
3549,3549,UFL1,NCBI,23376,gene/protein
3552,3552,IL18,NCBI,3606,gene/protein
3578,3578,ECM1,NCBI,1893,gene/protein
3624,3624,PER1,NCBI,5187,gene/protein
3631,3631,ALOX5,NCBI,240,gene/protein
3644,3644,NINJ1,NCBI,4814,gene/protein
3646,3646,IRF5,NCBI,3663,gene/protein
3647,3647,TNFAIP3,NCBI,7128,gene/protein
3672,3672,IKBKG,NCBI,8517,gene/protein
3686,3686,TLR8,NCBI,51311,gene/protein
3699,3699,DAGLB,NCBI,221955,gene/protein
3753,3753,BMPR1B,NCBI,658,gene/protein
3761,3761,HGF,NCBI,3082,gene/protein
3802,3802,APPL1,NCBI,26060,gene/protein
3819,3819,INPPL1,NCBI,3636,gene/protein
3820,3820,ADAM17,NCBI,6868,gene/protein
3836,3836,FURIN,NCBI,5045,gene/protein
3849,3849,ITGA2,NCBI,3673,gene/protein
3879,3879,APOE,NCBI,348,gene/protein
3892,3892,C5AR2,NCBI,27202,gene/protein
3931,3931,PRDX2,NCBI,7001,gene/protein
3968,3968,PRKAR2A,NCBI,5576,gene/protein
3981,3981,MAPKAPK2,NCBI,9261,gene/protein
3983,3983,CXCR6,NCBI,10663,gene/protein
4023,4023,FSHB,NCBI,2488,gene/protein
4063,4063,HMGB1,NCBI,3146,gene/protein
4080,4080,CYLD,NCBI,1540,gene/protein
4082,4082,ADGRE5,NCBI,976,gene/protein
4086,4086,CD14,NCBI,929,gene/protein
4110,4110,GPR15,NCBI,2838,gene/protein
4128,4128,PRKACB,NCBI,5567,gene/protein
4133,4133,CCR1,NCBI,1230,gene/protein
4162,4162,PTPN2,NCBI,5771,gene/protein
4169,4169,HYAL1,NCBI,3373,gene/protein
4178,4178,SOCS3,NCBI,9021,gene/protein
4186,4186,BDKRB2,NCBI,624,gene/protein
4205,4205,C4B,NCBI,721,gene/protein
4229,4229,ABCF1,NCBI,23,gene/protein
4252,4252,CD47,NCBI,961,gene/protein
4264,4264,AHSG,NCBI,197,gene/protein
4304,4304,IL36RN,NCBI,26525,gene/protein
4307,4307,CD96,NCBI,10225,gene/protein
4309,4309,SLAMF1,NCBI,6504,gene/protein
4312,4312,ITGB2,NCBI,3689,gene/protein
4319,4319,CD300LG,NCBI,146894,gene/protein
4340,4340,CXCL10,NCBI,3627,gene/protein
4348,4348,VIP,NCBI,7432,gene/protein
4357,4357,INSL3,NCBI,3640,gene/protein
4383,4383,FUT7,NCBI,2529,gene/protein
4385,4385,ZFP36,NCBI,7538,gene/protein
4406,4406,SAA1,NCBI,6288,gene/protein
4420,4420,CRHR2,NCBI,1395,gene/protein
4425,4425,PTGS2,NCBI,5743,gene/protein
4432,4432,LY86,NCBI,9450,gene/protein
4465,4465,OGG1,NCBI,4968,gene/protein
4472,4472,CCL4L1,NCBI,388372,gene/protein
4491,4491,GPSM3,NCBI,63940,gene/protein
4494,4494,IL1RL1,NCBI,9173,gene/protein
4548,4548,IGHG2,NCBI,3501,gene/protein
4555,4555,PTGER3,NCBI,5733,gene/protein
4576,4576,MGLL,NCBI,11343,gene/protein
4579,4579,FOXP3,NCBI,50943,gene/protein
4594,4594,TLR5,NCBI,7100,gene/protein
4633,4633,MVK,NCBI,4598,gene/protein
4667,4667,CDK19,NCBI,23097,gene/protein
4671,4671,IGLC1,NCBI,3537,gene/protein
4710,4710,FSHR,NCBI,2492,gene/protein
4731,4731,RIPK2,NCBI,8767,gene/protein
4735,4735,ORM1,NCBI,5004,gene/protein
4738,4738,IL5,NCBI,3567,gene/protein
4762,4762,GIT1,NCBI,28964,gene/protein
4772,4772,RLN2,NCBI,6019,gene/protein
4782,4782,AHCY,NCBI,191,gene/protein
4796,4796,GJA1,NCBI,2697,gene/protein
4798,4798,CCL25,NCBI,6370,gene/protein
4801,4801,CELA1,NCBI,1990,gene/protein
4803,4803,IL5RA,NCBI,3568,gene/protein
4817,4817,NOTCH2,NCBI,4853,gene/protein
4882,4882,SOCS5,NCBI,9655,gene/protein
4888,4888,XCR1,NCBI,2829,gene/protein
4900,4900,LBP,NCBI,3929,gene/protein
4917,4917,LAT,NCBI,27040,gene/protein
4921,4921,ZP3,NCBI,7784,gene/protein
4933,4933,RPS19,NCBI,6223,gene/protein
4936,4936,RAMP3,NCBI,10268,gene/protein
4941,4941,IL1RN,NCBI,3557,gene/protein
4958,4958,MGST2,NCBI,4258,gene/protein
4968,4968,ICAM1,NCBI,3383,gene/protein
4969,4969,ADORA2A,NCBI,135,gene/protein
4973,4973,PTAFR,NCBI,5724,gene/protein
4975,4975,MYD88,NCBI,4615,gene/protein
5009,5009,SMAD1,NCBI,4086,gene/protein
5023,5023,PTGDR,NCBI,5729,gene/protein
5045,5045,DAGLA,NCBI,747,gene/protein
5078,5078,LTA,NCBI,4049,gene/protein
5098,5098,CD40,NCBI,958,gene/protein
5150,5150,CDO1,NCBI,1036,gene/protein
5158,5158,WNT5A,NCBI,7474,gene/protein
5191,5191,HSPG2,NCBI,3339,gene/protein
5235,5235,ENPP3,NCBI,5169,gene/protein
5259,5259,ADORA3,NCBI,140,gene/protein
5294,5294,SCYL1,NCBI,57410,gene/protein
5357,5357,BMP2,NCBI,650,gene/protein
5381,5381,IL1RAP,NCBI,3556,gene/protein
5382,5382,ITCH,NCBI,83737,gene/protein
5383,5383,PTH2R,NCBI,5746,gene/protein
5438,5438,CCR5,NCBI,1234,gene/protein
5454,5454,HDAC5,NCBI,10014,gene/protein
5500,5500,PTGER4,NCBI,5734,gene/protein
5511,5511,PARP4,NCBI,143,gene/protein
5537,5537,PRDX5,NCBI,25824,gene/protein
5540,5540,CCR7,NCBI,1236,gene/protein
5579,5579,CD6,NCBI,923,gene/protein
5597,5597,CYBB,NCBI,1536,gene/protein
5604,5604,IL4,NCBI,3565,gene/protein
5627,5627,PTGER1,NCBI,5731,gene/protein
5638,5638,LDLR,NCBI,3949,gene/protein
5659,5659,LOXL3,NCBI,84695,gene/protein
5671,5671,LPL,NCBI,4023,gene/protein
5685,5685,TLR3,NCBI,7098,gene/protein
5692,5692,MIF,NCBI,4282,gene/protein
5720,5720,IGF1,NCBI,3479,gene/protein
5723,5723,TRADD,NCBI,8717,gene/protein
5739,5739,RORA,NCBI,6095,gene/protein
5756,5756,FCGR1A,NCBI,2209,gene/protein
5765,5765,APPL2,NCBI,55198,gene/protein
5792,5792,LY96,NCBI,23643,gene/protein
5824,5824,CCR4,NCBI,1233,gene/protein
5865,5865,TYRO3,NCBI,7301,gene/protein
5909,5909,HTR6,NCBI,3362,gene/protein
5915,5915,CCL2,NCBI,6347,gene/protein
5923,5923,IGKC,NCBI,3514,gene/protein
5963,5963,AVP,NCBI,551,gene/protein
5982,5982,DPEP1,NCBI,1800,gene/protein
5992,5992,H2BC1,NCBI,255626,gene/protein
6032,6032,MC3R,NCBI,4159,gene/protein
6047,6047,APCS,NCBI,325,gene/protein
6088,6088,CXCR4,NCBI,7852,gene/protein
6117,6117,IL16,NCBI,3603,gene/protein
6149,6149,AP3B1,NCBI,8546,gene/protein
6168,6168,IL12B,NCBI,3593,gene/protein
6178,6178,FABP4,NCBI,2167,gene/protein
6210,6210,NAIP,NCBI,4671,gene/protein
6229,6229,NOD2,NCBI,64127,gene/protein
6233,6233,ACP5,NCBI,54,gene/protein
6250,6250,DNASE1L3,NCBI,1776,gene/protein
6252,6252,CGA,NCBI,1081,gene/protein
6270,6270,CXCL3,NCBI,2921,gene/protein
6283,6283,PTH1R,NCBI,5745,gene/protein
6346,6346,AOC3,NCBI,8639,gene/protein
6356,6356,PJA2,NCBI,9867,gene/protein
6368,6368,CSF1,NCBI,1435,gene/protein
6388,6388,ATRN,NCBI,8455,gene/protein
6414,6414,IL33,NCBI,90865,gene/protein
6426,6426,PBK,NCBI,55872,gene/protein
6492,6492,CALCA,NCBI,796,gene/protein
6524,6524,F2RL1,NCBI,2150,gene/protein
6546,6546,MCPH1,NCBI,79648,gene/protein
6552,6552,ADCYAP1R1,NCBI,117,gene/protein
6556,6556,CD68,NCBI,968,gene/protein
6573,6573,SEMA7A,NCBI,8482,gene/protein
6578,6578,NFX1,NCBI,4799,gene/protein
6584,6584,IGLC3,NCBI,3539,gene/protein
6591,6591,C5,NCBI,727,gene/protein
6602,6602,GIP,NCBI,2695,gene/protein
6642,6642,TSHR,NCBI,7253,gene/protein
6662,6662,TCIRG1,NCBI,10312,gene/protein
6681,6681,CD3G,NCBI,917,gene/protein
6717,6717,VIPR1,NCBI,7433,gene/protein
6747,6747,DDT,NCBI,1652,gene/protein
6756,6756,LTB4R2,NCBI,56413,gene/protein
6817,6817,NR1H3,NCBI,10062,gene/protein
6836,6836,CXCL2,NCBI,2920,gene/protein
6848,6848,GPX1,NCBI,2876,gene/protein
6861,6861,IGHG4,NCBI,3503,gene/protein
6910,6910,F11R,NCBI,50848,gene/protein
6923,6923,RPS6KA4,NCBI,8986,gene/protein
6926,6926,IFNA2,NCBI,3440,gene/protein
6931,6931,SERPINA3,NCBI,12,gene/protein
6936,6936,ALOX5AP,NCBI,241,gene/protein
6991,6991,SCG2,NCBI,7857,gene/protein
7017,7017,FFAR3,NCBI,2865,gene/protein
7019,7019,SOX9,NCBI,6662,gene/protein
7036,7036,IL20,NCBI,50604,gene/protein
7040,7040,GCG,NCBI,2641,gene/protein
7047,7047,IL15,NCBI,3600,gene/protein
7059,7059,IL2RA,NCBI,3559,gene/protein
7083,7083,HLA-DRB1,NCBI,3123,gene/protein
7136,7136,CXCR3,NCBI,2833,gene/protein
7186,7186,PIK3CD,NCBI,5293,gene/protein
7188,7188,ADRB1,NCBI,153,gene/protein
7222,7222,PIP,NCBI,5304,gene/protein
7243,7243,NLRP1,NCBI,22861,gene/protein
7255,7255,ACKR1,NCBI,2532,gene/protein
7284,7284,KLF4,NCBI,9314,gene/protein
7286,7286,TBK1,NCBI,29110,gene/protein
7288,7288,IL1RL2,NCBI,8808,gene/protein
7319,7319,ITGAL,NCBI,3683,gene/protein
7322,7322,CALCRL,NCBI,10203,gene/protein
7342,7342,IGHG1,NCBI,3500,gene/protein
7350,7350,NT5E,NCBI,4907,gene/protein
7353,7353,CCL7,NCBI,6354,gene/protein
7359,7359,ADCY7,NCBI,113,gene/protein
7365,7365,DCAF15,NCBI,90379,gene/protein
7384,7384,CCL20,NCBI,6364,gene/protein
7410,7410,BST1,NCBI,683,gene/protein
7462,7462,SCNN1B,NCBI,6338,gene/protein
7489,7489,HP,NCBI,3240,gene/protein
7510,7510,PDCD4,NCBI,27250,gene/protein
7522,7522,C4A,NCBI,720,gene/protein
7558,7558,F3,NCBI,2152,gene/protein
7569,7569,PLCG2,NCBI,5336,gene/protein
7570,7570,TRPV4,NCBI,59341,gene/protein
7573,7573,IL23A,NCBI,51561,gene/protein
7591,7591,SHPK,NCBI,23729,gene/protein
7603,7603,MMP3,NCBI,4314,gene/protein
7614,7614,NUDCD1,NCBI,84955,gene/protein
7639,7639,CCL13,NCBI,6357,gene/protein
7642,7642,ADAM8,NCBI,101,gene/protein
7650,7650,FGR,NCBI,2268,gene/protein
7665,7665,ABHD12,NCBI,26090,gene/protein
7732,7732,PTGES,NCBI,9536,gene/protein
7755,7755,TLR1,NCBI,7096,gene/protein
7792,7792,CYBA,NCBI,1535,gene/protein
7817,7817,BAP1,NCBI,8314,gene/protein
7849,7849,MC1R,NCBI,4157,gene/protein
7856,7856,CXCL5,NCBI,6374,gene/protein
7872,7872,KNG1,NCBI,3827,gene/protein
7895,7895,MAPK13,NCBI,5603,gene/protein
7904,7904,MAP2K3,NCBI,5606,gene/protein
7916,7916,NFATC3,NCBI,4775,gene/protein
7937,7937,AVPR2,NCBI,554,gene/protein
7955,7955,MC4R,NCBI,4160,gene/protein
8004,8004,HYAL3,NCBI,8372,gene/protein
8062,8062,XCL2,NCBI,6846,gene/protein
8106,8106,CX3CL1,NCBI,6376,gene/protein
8128,8128,CD300C,NCBI,10871,gene/protein
8153,8153,SDC1,NCBI,6382,gene/protein
8162,8162,ISL1,NCBI,3670,gene/protein
8195,8195,PTMS,NCBI,5763,gene/protein
8222,8222,ADM,NCBI,133,gene/protein
8247,8247,IL20RB,NCBI,53833,gene/protein
8259,8259,ZC3H12A,NCBI,80149,gene/protein
8271,8271,GSDMD,NCBI,79792,gene/protein
8279,8279,CAMK1D,NCBI,57118,gene/protein
8303,8303,NLRP10,NCBI,338322,gene/protein
8335,8335,IL9,NCBI,3578,gene/protein
8354,8354,HRH1,NCBI,3269,gene/protein
8409,8409,NLRX1,NCBI,79671,gene/protein
8415,8415,CCL11,NCBI,6356,gene/protein
8441,8441,SERPINE1,NCBI,5054,gene/protein
8481,8481,NFE2L2,NCBI,4780,gene/protein
8540,8540,CCL22,NCBI,6367,gene/protein
8554,8554,HYAL2,NCBI,8692,gene/protein
8663,8663,DUSP10,NCBI,11221,gene/protein
8666,8666,CCL19,NCBI,6363,gene/protein
8726,8726,RPS6KA5,NCBI,9252,gene/protein
8751,8751,CD180,NCBI,4064,gene/protein
8755,8755,PLD3,NCBI,23646,gene/protein
8757,8757,ADCYAP1,NCBI,116,gene/protein
8781,8781,NPY5R,NCBI,4889,gene/protein
8783,8783,ADCY2,NCBI,108,gene/protein
8805,8805,AGT,NCBI,183,gene/protein
8818,8818,IFI35,NCBI,3430,gene/protein
8834,8834,SELE,NCBI,6401,gene/protein
8836,8836,LPCAT3,NCBI,10162,gene/protein
8857,8857,IAPP,NCBI,3375,gene/protein
8881,8881,LTB4R,NCBI,1241,gene/protein
8913,8913,CELF1,NCBI,10658,gene/protein
8917,8917,CXCL1,NCBI,2919,gene/protein
8948,8948,TNIP3,NCBI,79931,gene/protein
8984,8984,APOL3,NCBI,80833,gene/protein
8988,8988,PTGFR,NCBI,5737,gene/protein
9008,9008,BRD4,NCBI,23476,gene/protein
9012,9012,PXK,NCBI,54899,gene/protein
9021,9021,CRH,NCBI,1392,gene/protein
9029,9029,TAC1,NCBI,6863,gene/protein
9031,9031,PTGS1,NCBI,5742,gene/protein
9046,9046,HNRNPA0,NCBI,10949,gene/protein
9105,9105,IGHG3,NCBI,3502,gene/protein
9140,9140,LXN,NCBI,56925,gene/protein
9173,9173,EIF2AK1,NCBI,27102,gene/protein
9191,9191,IRF9,NCBI,10379,gene/protein
9196,9196,CNR1,NCBI,1268,gene/protein
9224,9224,PF4V1,NCBI,5197,gene/protein
9312,9312,IL17RC,NCBI,84818,gene/protein
9320,9320,CALCR,NCBI,799,gene/protein
9340,9340,IDO1,NCBI,3620,gene/protein
9368,9368,CCN3,NCBI,4856,gene/protein
9373,9373,CRHBP,NCBI,1393,gene/protein
9375,9375,TNFAIP6,NCBI,7130,gene/protein
9386,9386,NDFIP1,NCBI,80762,gene/protein
9396,9396,SCGB1A1,NCBI,7356,gene/protein
9414,9414,CTNNBIP1,NCBI,56998,gene/protein
9451,9451,PIK3AP1,NCBI,118788,gene/protein
9506,9506,ADORA2B,NCBI,136,gene/protein
9524,9524,CXCL11,NCBI,6373,gene/protein
9525,9525,ORM2,NCBI,5005,gene/protein
9543,9543,PLA2G2A,NCBI,5320,gene/protein
9570,9570,HDAC9,NCBI,9734,gene/protein
9589,9589,BLNK,NCBI,29760,gene/protein
9659,9659,USP18,NCBI,11274,gene/protein
9690,9690,ADCY1,NCBI,107,gene/protein
9711,9711,LACC1,NCBI,144811,gene/protein
9755,9755,SPATA2,NCBI,9825,gene/protein
9819,9819,SIRPA,NCBI,140885,gene/protein
9866,9866,CYSLTR1,NCBI,10800,gene/protein
9904,9904,AGTR2,NCBI,186,gene/protein
9934,9934,XCL1,NCBI,6375,gene/protein
10011,10011,DROSHA,NCBI,29102,gene/protein
10024,10024,BCL6B,NCBI,255877,gene/protein
10057,10057,LYZ,NCBI,4069,gene/protein
10059,10059,PGLYRP1,NCBI,8993,gene/protein
10062,10062,CRHR1,NCBI,1394,gene/protein
10103,10103,S1PR3,NCBI,1903,gene/protein
10109,10109,TPST1,NCBI,8460,gene/protein
10113,10113,TLR9,NCBI,54106,gene/protein
10116,10116,KLRG1,NCBI,10219,gene/protein
10121,10121,BMP6,NCBI,654,gene/protein
10137,10137,SCTR,NCBI,6344,gene/protein
10146,10146,CCL14,NCBI,6358,gene/protein
10154,10154,GGT1,NCBI,2678,gene/protein
10164,10164,CLOCK,NCBI,9575,gene/protein
10250,10250,CLEC7A,NCBI,64581,gene/protein
10265,10265,AIMP1,NCBI,9255,gene/protein
10267,10267,PRKACG,NCBI,5568,gene/protein
10278,10278,HAVCR2,NCBI,84868,gene/protein
10293,10293,LHB,NCBI,3972,gene/protein
10294,10294,MYSM1,NCBI,114803,gene/protein
10319,10319,DRD5,NCBI,1816,gene/protein
10325,10325,IL36A,NCBI,27179,gene/protein
10349,10349,GPHB5,NCBI,122876,gene/protein
10376,10376,NUPR1,NCBI,26471,gene/protein
10460,10460,PTX3,NCBI,5806,gene/protein
10549,10549,STING1,NCBI,340061,gene/protein
10550,10550,ITGB6,NCBI,3694,gene/protein
10555,10555,NLRP12,NCBI,91662,gene/protein
10565,10565,CCL8,NCBI,6355,gene/protein
10571,10571,CCR2,NCBI,729230,gene/protein
10654,10654,ADCY5,NCBI,111,gene/protein
10656,10656,ADCY9,NCBI,115,gene/protein
10657,10657,RAET1L,NCBI,154064,gene/protein
10666,10666,IGFBP4,NCBI,3487,gene/protein
10735,10735,GGT5,NCBI,2687,gene/protein
10738,10738,SCYL3,NCBI,57147,gene/protein
10824,10824,IRF6,NCBI,3664,gene/protein
10863,10863,CREB3L3,NCBI,84699,gene/protein
10881,10881,AIM2,NCBI,9447,gene/protein
10884,10884,FEM1A,NCBI,55527,gene/protein
10900,10900,SERPINF1,NCBI,5176,gene/protein
10975,10975,PYCARD,NCBI,29108,gene/protein
11013,11013,OLR1,NCBI,4973,gene/protein
11027,11027,CHIA,NCBI,27159,gene/protein
11065,11065,TLR7,NCBI,51284,gene/protein
11079,11079,IL31RA,NCBI,133396,gene/protein
11080,11080,PTGIS,NCBI,5740,gene/protein
11084,11084,CXCL13,NCBI,10563,gene/protein
11086,11086,CASP4,NCBI,837,gene/protein
11100,11100,MC5R,NCBI,4161,gene/protein
11103,11103,SPHK1,NCBI,8877,gene/protein
11114,11114,MC2R,NCBI,4158,gene/protein
11134,11134,NR1H4,NCBI,9971,gene/protein
11143,11143,ADORA1,NCBI,134,gene/protein
11181,11181,ZBP1,NCBI,81030,gene/protein
11186,11186,CCL3L1,NCBI,6349,gene/protein
11206,11206,CCL18,NCBI,6362,gene/protein
11225,11225,PDE2A,NCBI,5138,gene/protein
11236,11236,IL17RE,NCBI,132014,gene/protein
11237,11237,IGLC2,NCBI,3538,gene/protein
11282,11282,ADCY8,NCBI,114,gene/protein
11310,11310,MS4A2,NCBI,2206,gene/protein
11334,11334,ODAM,NCBI,54959,gene/protein
11361,11361,IL18R1,NCBI,8809,gene/protein
11375,11375,ADSS2,NCBI,159,gene/protein
11378,11378,GHRH,NCBI,2691,gene/protein
11396,11396,IDO2,NCBI,169355,gene/protein
11414,11414,GPRC5B,NCBI,51704,gene/protein
11419,11419,TIMP1,NCBI,7076,gene/protein
11437,11437,GPHA2,NCBI,170589,gene/protein
11464,11464,GPER1,NCBI,2852,gene/protein
11492,11492,SCT,NCBI,6343,gene/protein
11508,11508,TICAM2,NCBI,353376,gene/protein
11520,11520,SELENOS,NCBI,55829,gene/protein
11523,11523,LEP,NCBI,3952,gene/protein
11548,11548,RHBDD3,NCBI,25807,gene/protein
11566,11566,NLRP2,NCBI,55655,gene/protein
11578,11578,IGLC7,NCBI,28834,gene/protein
11588,11588,IL18RAP,NCBI,8807,gene/protein
11625,11625,LHCGR,NCBI,3973,gene/protein
11678,11678,SETD4,NCBI,54093,gene/protein
11712,11712,GIPR,NCBI,2696,gene/protein
11717,11717,ADRB3,NCBI,155,gene/protein
11754,11754,CALCB,NCBI,797,gene/protein
11767,11767,HRH2,NCBI,3274,gene/protein
11825,11825,STAB1,NCBI,23166,gene/protein
11864,11864,MMP26,NCBI,56547,gene/protein
11866,11866,P2RY11,NCBI,5032,gene/protein
11867,11867,WFDC1,NCBI,58189,gene/protein
11918,11918,TNIP2,NCBI,79155,gene/protein
11948,11948,SIAE,NCBI,54414,gene/protein
11982,11982,LILRB4,NCBI,11006,gene/protein
12019,12019,SIGLEC10,NCBI,89790,gene/protein
12028,12028,TNFSF4,NCBI,7292,gene/protein
12055,12055,LIPA,NCBI,3988,gene/protein
12079,12079,PTHLH,NCBI,5744,gene/protein
12146,12146,IL17B,NCBI,27190,gene/protein
12207,12207,CYSLTR2,NCBI,57105,gene/protein
12236,12236,HTR7,NCBI,3363,gene/protein
12273,12273,ABCD2,NCBI,225,gene/protein
12281,12281,TNFRSF4,NCBI,7293,gene/protein
12305,12305,NLRP3,NCBI,114548,gene/protein
12369,12369,GBP5,NCBI,115362,gene/protein
12396,12396,AREL1,NCBI,9870,gene/protein
12435,12435,VSTM1,NCBI,284415,gene/protein
12448,12448,CCN4,NCBI,8840,gene/protein
12461,12461,SMPDL3B,NCBI,27293,gene/protein
12474,12474,FOXF1,NCBI,2294,gene/protein
12477,12477,IL37,NCBI,27178,gene/protein
12478,12478,GPR20,NCBI,2843,gene/protein
12507,12507,FCMR,NCBI,9214,gene/protein
12509,12509,TLR6,NCBI,10333,gene/protein
12510,12510,GAL,NCBI,51083,gene/protein
12538,12538,GHSR,NCBI,2693,gene/protein
12555,12555,MMP8,NCBI,4317,gene/protein
12618,12618,RAMP2,NCBI,10266,gene/protein
12629,12629,HAMP,NCBI,57817,gene/protein
12657,12657,NOX4,NCBI,50507,gene/protein
12663,12663,SLC11A1,NCBI,6556,gene/protein
12675,12675,HPR,NCBI,3250,gene/protein
12677,12677,AOAH,NCBI,313,gene/protein
12710,12710,CCL16,NCBI,6360,gene/protein
12738,12738,TRIL,NCBI,9865,gene/protein
12740,12740,CCR6,NCBI,1235,gene/protein
12824,12824,NFKBIZ,NCBI,64332,gene/protein
12854,12854,TRIM55,NCBI,84675,gene/protein
12857,12857,RLN3,NCBI,117579,gene/protein
12892,12892,ASH1L,NCBI,55870,gene/protein
12893,12893,CMA1,NCBI,1215,gene/protein
12905,12905,CCRL2,NCBI,9034,gene/protein
12914,12914,CHST1,NCBI,8534,gene/protein
12951,12951,RHBDF2,NCBI,79651,gene/protein
12978,12978,ALOX15,NCBI,246,gene/protein
13044,13044,IL34,NCBI,146433,gene/protein
13052,13052,SHARPIN,NCBI,81858,gene/protein
13084,13084,THBS1,NCBI,7057,gene/protein
13087,13087,LY75,NCBI,4065,gene/protein
13103,13103,RXFP1,NCBI,59350,gene/protein
13127,13127,RAMP1,NCBI,10267,gene/protein
13171,13171,THEMIS2,NCBI,9473,gene/protein
13202,13202,NLRC4,NCBI,58484,gene/protein
13205,13205,AIF1,NCBI,199,gene/protein
13245,13245,CXCL6,NCBI,6372,gene/protein
13274,13274,MYLK3,NCBI,91807,gene/protein
13310,13310,CD200R1,NCBI,131450,gene/protein
13395,13395,CCL26,NCBI,10344,gene/protein
13400,13400,TIRAP,NCBI,114609,gene/protein
13419,13419,IGLV3-25,NCBI,28793,gene/protein
13463,13463,TICAM1,NCBI,148022,gene/protein
13498,13498,PROK2,NCBI,60675,gene/protein
13502,13502,CHST4,NCBI,10164,gene/protein
13595,13595,CUEDC2,NCBI,79004,gene/protein
13612,13612,IGLV2-14,NCBI,28815,gene/protein
13617,13617,TAAR1,NCBI,134864,gene/protein
13634,13634,OTULIN,NCBI,90268,gene/protein
13653,13653,CD5L,NCBI,922,gene/protein
13670,13670,GPR84,NCBI,53831,gene/protein
13678,13678,GPR39,NCBI,2863,gene/protein
13701,13701,GPR31,NCBI,2853,gene/protein
13740,13740,RASGRP1,NCBI,10125,gene/protein
13770,13770,IL36G,NCBI,56300,gene/protein
13774,13774,CCL1,NCBI,6346,gene/protein
13803,13803,NOX1,NCBI,27035,gene/protein
13823,13823,TNFSF18,NCBI,8995,gene/protein
13849,13849,FPR3,NCBI,2359,gene/protein
13856,13856,ADAMTS12,NCBI,81792,gene/protein
13905,13905,MACIR,NCBI,90355,gene/protein
13938,13938,SUCNR1,NCBI,56670,gene/protein
13975,13975,NCR3,NCBI,259197,gene/protein
21972,21972,GHRL,NCBI,51738,gene/protein
21981,21981,MIR204,NCBI,406987,gene/protein
21984,21984,CCL24,NCBI,6369,gene/protein
21990,21990,MIR21,NCBI,406991,gene/protein
21991,21991,CD163,NCBI,9332,gene/protein
21993,21993,METRNL,NCBI,284207,gene/protein
22013,22013,TREM1,NCBI,54210,gene/protein
22052,22052,ACE2,NCBI,59272,gene/protein
22056,22056,TSLP,NCBI,85480,gene/protein
22058,22058,MIR145,NCBI,406937,gene/protein
22062,22062,DNASE1,NCBI,1773,gene/protein
22102,22102,SCN9A,NCBI,6335,gene/protein
22103,22103,HRH4,NCBI,59340,gene/protein
22105,22105,GPBAR1,NCBI,151306,gene/protein
22106,22106,PTGER2,NCBI,5732,gene/protein
33777,33777,PLA2G4C,NCBI,8605,gene/protein
33784,33784,SBNO2,NCBI,22904,gene/protein
33790,33790,IL17C,NCBI,27189,gene/protein
33851,33851,NPSR1,NCBI,387129,gene/protein
33857,33857,MIR17,NCBI,406952,gene/protein
33859,33859,MIR206,NCBI,406989,gene/protein
33870,33870,NPS,NCBI,594857,gene/protein
33875,33875,PLA2G4B,NCBI,100137049,gene/protein
33882,33882,TREM2,NCBI,54209,gene/protein
33885,33885,MIR146A,NCBI,406938,gene/protein
33889,33889,MIR766,NCBI,768218,gene/protein
33896,33896,MIR223,NCBI,407008,gene/protein
33897,33897,MIR98,NCBI,407054,gene/protein
33901,33901,CMKLR1,NCBI,1240,gene/protein
33907,33907,UCN,NCBI,7349,gene/protein
33923,33923,MIR140,NCBI,406932,gene/protein
33936,33936,MIR30C2,NCBI,407032,gene/protein
33949,33949,DAB2IP,NCBI,153090,gene/protein
33951,33951,RICTOR,NCBI,253260,gene/protein
33955,33955,MIR136,NCBI,406927,gene/protein
33958,33958,MIR222,NCBI,407007,gene/protein
33960,33960,MIR31,NCBI,407035,gene/protein
34009,34009,NLRC3,NCBI,197358,gene/protein
34082,34082,IL27,NCBI,246778,gene/protein
34083,34083,NEAT1,NCBI,283131,gene/protein
34094,34094,FOLR2,NCBI,2350,gene/protein
34106,34106,GPR45,NCBI,11250,gene/protein
34191,34191,H19,NCBI,283120,gene/protein
34197,34197,NLRP9,NCBI,338321,gene/protein
34221,34221,MIR126,NCBI,406913,gene/protein
34223,34223,MIR141,NCBI,406933,gene/protein
34224,34224,MIR152,NCBI,406943,gene/protein
34227,34227,MIR205,NCBI,406988,gene/protein
34229,34229,MIR221,NCBI,407006,gene/protein
34265,34265,MIRLET7G,NCBI,406890,gene/protein
34269,34269,MIR142,NCBI,406934,gene/protein
34270,34270,MIR149,NCBI,406941,gene/protein
34273,34273,MIR181C,NCBI,406957,gene/protein
34277,34277,MIR19A,NCBI,406979,gene/protein
34281,34281,MIR22,NCBI,407004,gene/protein
34287,34287,MIR93,NCBI,407050,gene/protein
34291,34291,MIR338,NCBI,442906,gene/protein
34293,34293,MIR361,NCBI,494323,gene/protein
34294,34294,MIR378A,NCBI,494327,gene/protein
34367,34367,GPR27,NCBI,2850,gene/protein
34368,34368,CCL23,NCBI,6368,gene/protein
34371,34371,MIR125A,NCBI,406910,gene/protein
34373,34373,FNDC4,NCBI,64838,gene/protein
34394,34394,GHRHR,NCBI,2692,gene/protein
34526,34526,ACER3,NCBI,55331,gene/protein
34574,34574,PLA2G7,NCBI,7941,gene/protein
34581,34581,CYP26B1,NCBI,56603,gene/protein
34644,34644,LILRA5,NCBI,353514,gene/protein
34663,34663,ADM2,NCBI,79924,gene/protein
34735,34735,CERS6,NCBI,253782,gene/protein
34751,34751,C2CD4A,NCBI,145741,gene/protein
34753,34753,C2CD4B,NCBI,388125,gene/protein
34754,34754,MIR144,NCBI,406936,gene/protein
34755,34755,MIR195,NCBI,406971,gene/protein
34757,34757,MIR203A,NCBI,406986,gene/protein
34778,34778,IL23R,NCBI,149233,gene/protein
34780,34780,IRGM,NCBI,345611,gene/protein
34790,34790,MIR197,NCBI,406974,gene/protein
34798,34798,KDM6B,NCBI,23135,gene/protein
34815,34815,PLD4,NCBI,122618,gene/protein
34817,34817,MIR92A1,NCBI,407048,gene/protein
34826,34826,MIR138-1,NCBI,406929,gene/protein
34829,34829,MIR488,NCBI,574441,gene/protein
34874,34874,CARD18,NCBI,59082,gene/protein
34879,34879,MIR15A,NCBI,406948,gene/protein
34880,34880,MIR16-1,NCBI,406950,gene/protein
34884,34884,GPR150,NCBI,285601,gene/protein
34957,34957,GPR68,NCBI,8111,gene/protein
34967,34967,IL21,NCBI,59067,gene/protein
34985,34985,VNN1,NCBI,8876,gene/protein
35036,35036,SIGLEC1,NCBI,6614,gene/protein
35048,35048,RXFP2,NCBI,122042,gene/protein
35071,35071,MIR128-1,NCBI,406915,gene/protein
35082,35082,RARRES2,NCBI,5919,gene/protein
35106,35106,CASP12,NCBI,100506742,gene/protein
35143,35143,IL31,NCBI,386653,gene/protein
35269,35269,DUOXA2,NCBI,405753,gene/protein
35274,35274,IL17F,NCBI,112744,gene/protein
35297,35297,LIAS,NCBI,11019,gene/protein
35307,35307,IGHV4-34,NCBI,28395,gene/protein
35341,35341,NLRP7,NCBI,199713,gene/protein
35351,35351,JAM3,NCBI,83700,gene/protein
35371,35371,ADSS1,NCBI,122622,gene/protein
56521,56521,CCL15,NCBI,6359,gene/protein
56548,56548,S100A12,NCBI,6283,gene/protein
56594,56594,TUSC2,NCBI,11334,gene/protein
56620,56620,PLA2G2E,NCBI,30814,gene/protein
56671,56671,PLGRKT,NCBI,55848,gene/protein
56681,56681,SLAMF8,NCBI,56833,gene/protein
56725,56725,MMP25,NCBI,64386,gene/protein
56737,56737,CHID1,NCBI,66005,gene/protein
56749,56749,TNFAIP8L2,NCBI,79626,gene/protein
56761,56761,SETD6,NCBI,79918,gene/protein
56767,56767,SCUBE1,NCBI,80274,gene/protein
56773,56773,AKNA,NCBI,80709,gene/protein
56781,56781,TLR10,NCBI,81793,gene/protein
56824,56824,IL1F10,NCBI,84639,gene/protein
56910,56910,C1QTNF3,NCBI,114899,gene/protein
57052,57052,LRFN5,NCBI,145581,gene/protein
57075,57075,NFAM1,NCBI,150372,gene/protein
57088,57088,PYDC2,NCBI,152138,gene/protein
57165,57165,ADCY4,NCBI,196883,gene/protein
57297,57297,CXCL17,NCBI,284340,gene/protein
57373,57373,CD200R1L,NCBI,344807,gene/protein
57500,57500,CCL3L3,NCBI,414062,gene/protein
57651,57651,CD300LD,NCBI,100131439,gene/protein
57703,57703,PYDC5,NCBI,107181291,gene/protein
57785,57785,PLA2G2D,NCBI,26279,gene/protein
57818,57818,PGLYRP2,NCBI,114770,gene/protein
57831,57831,NAPEPLD,NCBI,222236,gene/protein
57902,57902,NLRP6,NCBI,171389,gene/protein
57931,57931,IGKV1D-33,NCBI,28896,gene/protein
57942,57942,CD300LF,NCBI,146722,gene/protein
57982,57982,PLA2G3,NCBI,50487,gene/protein
58283,58283,IL17D,NCBI,53342,gene/protein
58358,58358,SGMS1,NCBI,259230,gene/protein
58458,58458,IGLC6,NCBI,3542,gene/protein
58460,58460,IGKV1-5,NCBI,28299,gene/protein
58467,58467,IGHV4-59,NCBI,28392,gene/protein
58468,58468,IGHV4-39,NCBI,28394,gene/protein
58478,58478,IGHV3-53,NCBI,28420,gene/protein
58480,58480,IGHV3-48,NCBI,28424,gene/protein
58484,58484,IGHV3-33,NCBI,28434,gene/protein
58485,58485,IGHV3-30,NCBI,28439,gene/protein
58486,58486,IGHV3-23,NCBI,28442,gene/protein
58490,58490,IGHV3-13,NCBI,28449,gene/protein
58491,58491,IGHV3-11,NCBI,28450,gene/protein
58492,58492,IGHV3-9,NCBI,28451,gene/protein
58493,58493,IGHV3-7,NCBI,28452,gene/protein
58494,58494,IGHV2-70,NCBI,28454,gene/protein
58496,58496,IGHV2-5,NCBI,28457,gene/protein
58498,58498,IGHV1-69,NCBI,28461,gene/protein
58506,58506,IGLV7-43,NCBI,28776,gene/protein
58507,58507,IGLV6-57,NCBI,28778,gene/protein
58508,58508,IGLV3-27,NCBI,28791,gene/protein
58509,58509,IGLV3-21,NCBI,28796,gene/protein
58510,58510,IGLV3-19,NCBI,28797,gene/protein
58511,58511,IGLV3-1,NCBI,28809,gene/protein
58512,58512,IGLV2-23,NCBI,28813,gene/protein
58513,58513,IGLV2-11,NCBI,28816,gene/protein
58514,58514,IGLV2-8,NCBI,28817,gene/protein
58515,58515,IGLV1-51,NCBI,28820,gene/protein
58516,58516,IGLV1-47,NCBI,28822,gene/protein
58517,58517,IGLV1-44,NCBI,28823,gene/protein
58518,58518,IGLV1-40,NCBI,28825,gene/protein
58519,58519,IGKV3D-11,NCBI,28876,gene/protein
58520,58520,IGKV2D-28,NCBI,28883,gene/protein
58521,58521,IGKV1D-39,NCBI,28893,gene/protein
58522,58522,IGKV1D-12,NCBI,28903,gene/protein
58523,58523,IGKV5-2,NCBI,28907,gene/protein
58524,58524,IGKV4-1,NCBI,28908,gene/protein
58525,58525,IGKV3-20,NCBI,28912,gene/protein
58526,58526,IGKV3-15,NCBI,28913,gene/protein
58527,58527,IGKV2-40,NCBI,28916,gene/protein
58528,58528,IGKV2-30,NCBI,28919,gene/protein
58529,58529,IGKV1-39,NCBI,28930,gene/protein
58530,58530,IGKV1-17,NCBI,28937,gene/protein
58531,58531,IGKV1-16,NCBI,28938,gene/protein
58535,58535,IGHV1OR15-1,NCBI,388077,gene/protein
58631,58631,FFAR4,NCBI,338557,gene/protein
58700,58700,GLP2R,NCBI,9340,gene/protein
58702,58702,NRROS,NCBI,375387,gene/protein
58734,58734,LRRC19,NCBI,64922,gene/protein
58769,58769,C1QTNF12,NCBI,388581,gene/protein
58777,58777,GPR4,NCBI,2828,gene/protein
58778,58778,GPR32,NCBI,2854,gene/protein
58779,58779,GPR32P1,NCBI,2855,gene/protein
58780,58780,GPR33,NCBI,2856,gene/protein
58795,58795,GPR83,NCBI,10888,gene/protein
58797,58797,GPR176,NCBI,11245,gene/protein
59254,59254,TMIGD3,NCBI,57413,gene/protein
59361,59361,IL36B,NCBI,27177,gene/protein
59364,59364,IL25,NCBI,64806,gene/protein
59366,59366,MSMP,NCBI,692094,gene/protein
59403,59403,MIR105-1,NCBI,406897,gene/protein
59404,59404,MIR129-1,NCBI,406917,gene/protein
59407,59407,MIR15B,NCBI,406949,gene/protein
59408,59408,MIR181A2,NCBI,406954,gene/protein
59409,59409,MIR181B1,NCBI,406955,gene/protein
59411,59411,MIR199A1,NCBI,406976,gene/protein
59412,59412,MIR20A,NCBI,406982,gene/protein
59427,59427,MIR675,NCBI,100033819,gene/protein
59441,59441,DEFB114,NCBI,245928,gene/protein
59540,59540,IL22RA2,NCBI,116379,gene/protein
59683,59683,GGT3P,NCBI,2679,gene/protein
59686,59686,GGT2,NCBI,728441,gene/protein
59720,59720,CHST2,NCBI,9435,gene/protein
59800,59800,TAC4,NCBI,255061,gene/protein
59823,59823,MIR135A1,NCBI,406925,gene/protein
59824,59824,MIR187,NCBI,406963,gene/protein
59827,59827,MIR19B1,NCBI,406980,gene/protein
59828,59828,MIR26A1,NCBI,407015,gene/protein
59859,59859,MIR590,NCBI,693175,gene/protein
59862,59862,MIR657,NCBI,724027,gene/protein
59869,59869,MIR920,NCBI,100126320,gene/protein
59876,59876,MIR3909,NCBI,100500826,gene/protein
59879,59879,MIR6869,NCBI,102465524,gene/protein
59926,59926,ACOD1,NCBI,730249,gene/protein
59967,59967,IGKV3D-20,NCBI,28874,gene/protein
59970,59970,IGKV2D-30,NCBI,28881,gene/protein
59981,59981,IGKV2-29,NCBI,28920,gene/protein
59982,59982,IGKV2-28,NCBI,28921,gene/protein
59987,59987,IGKV1-12,NCBI,28940,gene/protein
60121,60121,PTH2,NCBI,113091,gene/protein
60314,60314,DUOXA1,NCBI,90527,gene/protein
60383,60383,CEACAM20,NCBI,125931,gene/protein
